word,pinyin
一,yī
一_也_,yī_yě_
一_就_,yī_jiù_
一一,yīyī
一下,yīxià
一下儿,yíxiàr
一下子,yīxiàzi
一个劲儿,yīgèjìnr
一举,yījǔ
一些,yìxiē
一会儿,yíhuìr
一会儿_一会儿_,yīhuìr_yīhuìr_
一共,yígòng
一再,yīzài
一切,yíqiè
一半,yībàn
一口气,yīkǒuqì
一同,yītóng
一向,yīxiàng
一哄而散,yīhōng'érsàn
一块儿,yíkuàir
一头,yītóu
一定,yídìng
一帆风顺,yīfānfēngshùn
一带,yīdài
一干二净,yīgān'èrjìng
一度,yīdù
一律,yīlǜ
一心,yīxīn
一手,yīshǒu
一技之长,yījìzhīcháng
一方_一方面_,yīfāng_yīfāngmiàn_
一旁,yīpáng
一旦,yīdàn
一时,yīshí
一样,yíyàng
一概,yīgài
一概而论,yīgài'érlùn
一毛不拔,yīmáobùbá
一点儿,yìdiǎnr
一生,yīshēng
一直,yìzhí
一系列,yīxìliè
一致,yīzhì
一般,yìbān
一行,yīxíng
一贯,yīguàn
一起,yìqǐ
一路平安,yīlùpíng'ān
一路顺风,yīlùshùnfēng
一身,yīshēn
一辈子,yībèizi
一边,yībiān
一边_一边,yìbiān_4biān_
一连,yīlián
一道,yīdào
一阵,yīzhèn
一面_一面_,yīmiàn_yīmiàn_
一齐,yīqí
丁,dīng
七,qī
七嘴八舌,qīzuǐbāshé
万,wàn
万一,wànyī
万万,wànwàn
万分,wànfēn
万古长青,wàngǔchángqīng
万岁,wànsuì
万水千山,wànshuǐqiānshān
丈,zhàng
丈夫,zhàngfu
三,sān
三番五次,sānfānwǔcì
三角,sānjiǎo
上,shàng
上下,shàngxià
上交,shàngjiāo
上任,shàngrèn
上升,shàngshēng
上午,shàngwǔ
上去,shàngqù
上台,shàngtái
上头,shàngtou
上学,shàngxué
上层,shàngcéng
上帝,Shàngdì
上当,shàngdàng
上报,shàngbào
上旬,shàngxún
上来,shànglái
上涨,shàngzhǎng
上游,shàngyóu
上班,shàngbān
上空,shàngkōng
上等,shàngděng
上级,shàngjí
上衣,shàngyī
上诉,shàngsù
上课,shàngkè
上边,shàngbiān
上进,shàngjìn
上述,shàngshù
上面,shàngmian
下,xià
下乡,xiàxiāng
下令,xiàlìng
下列,xiàliè
下午,xiàwǔ
下去,xiàqù
下台,xiàtái
下放,xiàfàng
下旬,xiàxún
下来,xiàlái
下游,xiàyóu
下班,xiàbān
下级,xiàjí
下落,xiàluò
下课,xiàkè
下边,xiàbiān
下达,xiàdá
下降,xiàjiàng
下面,xiàmian
不,bù
不一定,bùyídìng
不久,bùjiǔ
不仅,bùjǐn
不但,búdàn
不住,bùzhù
不停,bùtíng
不像话,bùxiànghuà
不免,bùmiǎn
不公,bùgōng
不利,bùlì
不卑不亢,bùbēibùkàng
不只,bùzhǐ
不可,bùkě
不同,bùtóng
不在乎,bùzàihu
不堪,bùkān
不够,bùgòu
不大,bùdà
不好意思,bùhǎoyìsi
不如,bùrú
不妨,bùfáng
不安,bù'ān
不定,bùdìng
不宜,bùyí
不容,bùróng
不对,bùduì
不少,búshǎo
不平,bùpíng
不幸,bùxìng
不当,bùdàng
不得,bùdé
不得不,bùdébù
不得了,bùdéliǎo
不得已,bùdéyǐ
不必,bùbì
不怎么样,bùzěnmeyàng
不惜,bùxī
不愧,bùkuì
不敢当,bùgǎndāng
不料,bùliào
不断,bùduàn
不时,bùshí
不是,bùshì
不是_就是_,bùshì_jiùshì_
不是_而是_,bùshì_érshì_
不是吗,bùshìma
不曾,bùcéng
不朽,bùxiǔ
不止,bùzhǐ
不正之风,bùzhèngzhīfēng
不比,bùbǐ
不法,bùfǎ
不满,bùmǎn
不然,bùrán
不用,búyòng
不由得,bùyóude
不相上下,bùxiāngshàngxià
不知不觉,bùzhībùjué
不禁,bùjīn
不等,bùděng
不管,bùguǎn
不至于,bùzhìyú
不良,bùliáng
不行,bùxíng
不要,búyào
不要紧,bùyàojǐn
不见,bùjiàn
不见得,bùjiànde
不觉,bùjué
不解,bùjiě
不言而喻,bùyán'éryù
不许,bùxǔ
不论,bùlùn
不足,bùzú
不辞而别,bùcí'érbié
不过,bùguò
不错,búcuò
不顾,bùgù
与,yǔ
与会,yùhuì
与其,yǔqí
与此同时,yǔcǐtóngshí
丑,chǒu
丑恶,chǒu'è
专,zhuān
专业,zhuānyè
专业户,zhuānyèhù
专人,zhuānrén
专利,zhuānlì
专制,zhuānzhì
专家,zhuānjiā
专心,zhuānxīn
专政,zhuānzhèng
专用,zhuānyòng
专科,zhuānkē
专程,zhuānchéng
专长,zhuāncháng
专门,zhuānmén
专题,zhuāntí
且,qiě
世,shì
世代,shìdài
世界,shìjiè
世界观,shìjièguān
世纪,shìjì
丘陵,qiūlíng
丙,bǐng
业余,yèyú
业务,yèwù
丛,cóng
东,dōng
东北,dōngběi
东南,dōngnán
东奔西走,dōngbēnxīzǒu
东方,dōngfāng
东西,dōngxi
东边,dōngbiān
东道主,dōngdàozhǔ
东部,dōngbù
东面,dōngmiàn
丝,sī
丝毫,sīháo
丢,diū
丢人,diūrén
丢失,diūshī
两,liǎng
两口子,liǎngkǒuzi
两手,liǎngshǒu
两旁,liǎngpáng
两极,liǎngjí
严,yán
严厉,yánlì
严密,yánmì
严寒,yánhán
严峻,yánjùn
严格,yángé
严禁,yánjìn
严肃,yánsù
严重,yánzhòng
丧失,sàngshī
个,gè
个人,gèrén
个体,gètǐ
个体户,gètǐhù
个儿,gèr
个别,gèbié
个子,gèzi
个性,gèxìng
中,zhōng
中医,Zhōngyī
中午,zhōngwǔ
中原,Zhōngyuán
中型,zhōngxíng
中央,zhōngyāng
中学,zhōngxué
中年,zhōngnián
中心,zhōngxīn
中文,zhōngwén
中断,zhōngduàn
中旬,zhōngxún
中游,zhōngyóu
中秋,zhōngqiū
中立,zhōnglì
中等,zhōngděng
中药,zhōngyào
中途,zhōngtú
中部,zhōngbù
中间,zhōngjiān
中餐,Zhōngcān
丰产,fēngchǎn
丰富,fēngfù
丰收,fēngshōu
丰满,fēngmǎn
串,chuàn
临,lín
临床,línchuáng
临时,línshí
临近,línjìn
丸,wán
丹,dān
为,wèi
为了,wèile
为什么,wèishénme
为何,wèihé
为期,wéiqī
为止,wéizhǐ
为难,wéinán
为首,wéishǒu
主,zhǔ
主义,zhǔyì
主人,zhǔrén
主人翁,zhǔrénwēng
主任,zhǔrèn
主体,zhǔtǐ
主力,zhǔlì
主办,zhǔbàn
主动,zhǔdòng
主导,zhǔdǎo
主席,zhǔxí
主张,zhǔzhāng
主意,zhǔyi
主持,zhǔchí
主权,zhǔquán
主流,zhǔliú
主管,zhǔguǎn
主编,zhǔbiān
主要,zhǔyào
主观,zhǔguān
主题,zhǔtí
主食,zhǔshí
举,jǔ
举世瞩目,jǔshìzhǔmù
举世闻名,jǔshìwénmíng
举办,jǔbàn
举动,jǔdòng
举行,jǔxíng
乃,nǎi
久,jiǔ
义务,yìwù
之,zhī
之一,zhīyī
之上,zhīshàng
之下,zhīxià
之中,zhīzhōng
之内,zhīnèi
之前,zhīqián
之后,zhīhòu
之外,zhīwài
之类,zhīlèi
乌云,wūyún
乌鸦,wūyā
乐,lè
乐器,yuèqì
乐意,lèyì
乐曲,yuèqǔ
乐观,lèguān
乐趣,lèqù
乐队,yuèduì
乒乓球,Pīngpāngqiú
乔装,qiáozhuāng
乖,guāi
乘,chéng
乘务员,chéngwùyuán
乘客,chéngkè
乘机,chéngjī
乙,yǐ
九,jiǔ
乞求,qǐqiú
也,yě
也许,yěxǔ
习俗,xísú
习惯,xíguàn
习题,xítí
乡,xiāng
乡下,xiāngxia
乡亲,xiāngqīn
乡村,xiāngcūn
书,shū
书信,shūxìn
书写,shūxiě
书刊,shūkān
书包,shūbāo
书店,shūdiàn
书本,shūběn
书架,shūjià
书法,shūfǎ
书籍,shūjí
书记,shūji
书面,shūmiàn
买,mǎi
买卖,mǎimài
乱,luàn
乱七八糟,luànqībāzāo
乳,rǔ
了,liǎo
了不起,liǎobuqǐ
了解,liǎojiě
予,yǔ
予以,yǔyǐ
争,zhēng
争先恐后,zhēngxiānkǒnghòu
争取,zhēngqǔ
争吵,zhēngchǎo
争夺,zhēngduó
争气,zhēngqì
争端,zhēngduān
争议,zhēngyì
争论,zhēnglùn
事,shì
事业,shìyè
事件,shìjiàn
事例,shìlì
事先,shìxiān
事务,shìwù
事变,shìbiàn
事实,shìshí
事态,shìtài
事情,shìqing
事故,shìgù
事物,shìwù
事迹,shìjì
事项,shìxiàng
二,èr
二氧化碳,èryǎnghuàtàn
于,yú
于是,yúshì
亏,kuī
亏待,kuīdài
亏损,kuīsǔn
云,yún
云彩,yúncai
互利,hùlì
互助,hùzhù
互相,hùxiāng
五,wǔ
井,jǐng
亚军,yàjūn
些,xiē
亡,wáng
交,jiāo
交付,jiāofù
交代,jiāodài
交叉,jiāochā
交往,jiāowǎng
交手,jiāoshǒu
交换,jiāohuàn
交易,jiāoyì
交替,jiāotì
交流,jiāoliú
交涉,jiāoshè
交点,jiāodiǎn
交谈,jiāotán
交通,jiāotōng
交错,jiāocuò
交际,jiāojì
亦,yì
产,chǎn
产业,chǎnyè
产值,chǎnzhí
产区,chǎnqū
产品,chǎnpǐn
产地,chǎndì
产物,chǎnwù
产生,chǎnshēng
产量,chǎnliàng
亩,mǔ
享乐,xiǎnglè
享受,xiǎngshòu
享有,xiǎngyǒu
享福,xiǎngfú
京剧,jīngjù
亭子,tíngzi
亮,liàng
亮光,liàngguāng
亲,qīn
亲人,qīnrén
亲切,qīnqiè
亲友,qīnyǒu
亲密,qīnmì
亲戚,qīnqi
亲手,qīnshǒu
亲热,qīnrè
亲爱,qīn'ài
亲生,qīnshēng
亲眼,qīnyǎn
亲笔,qīnbǐ
亲自,qīnzì
亲身,qīnshēn
人,rén
人为,rénwéi
人事,rénshì
人们,rénmen
人体,réntǐ
人力,rénlì
人参,rénshēn
人口,rénkǒu
人员,rényuán
人均,rénjūn
人士,rénshì
人家,rénjiā
人工,réngōng
人心,rénxīn
人性,rénxìng
人情,rénqíng
人才,réncái
人权,rénquán
人格,réngé
人民,rénmín
人民币,rénmínbì
人物,rénwù
人生,rénshēng
人类,rénlèi
人群,rénqún
人质,rénzhì
人身,rénshēn
人造,rénzào
人道主义,réndàozhǔyì
人间,rénjiān
亿,yì
亿万,yìwàn
什么,shénme
什么的,shénmede
仁慈,réncí
仅,jǐn
仅仅,jǐnjǐn
仆人,púrén
仇,chóu
仇恨,chóuhèn
今后,jīnhòu
今天,jīntiān
今年,jīnnián
今日,jīnrì
介绍,jièshào
仍,réng
仍旧,réngjiù
仍然,réngrán
从,cóng
从_出发,cóng_chūfā
从_到_,cóng_dào_
从_看来,cóng_kànlai
从_起,cóng_qǐ
从不/没,cóngbù/méi
从中,cóngzhōng
从事,cóngshì
从前,cóngqián
从头,cóngtóu
从容,cóngróng
从容不迫,cóngróngbùpò
从小,cóngxiǎo
从未,cóngwèi
从来,cónglái
从此,cóngcǐ
从而,cóng'ér
仓促,cāngcù
仓库,cāngkù
仔细,zǐxì
他,tā
他人,tārén
他们,tāmen
付,fù
付出,fùchū
付款,fùkuǎn
仙女,xiānnǚ
代,dài
代价,dàijià
代办,dàibàn
代号,dàihào
代数,dàishù
代替,dàitì
代理,dàilǐ
代表,dàibiǎo
令,lìng
以,yǐ
以上,yǐshàng
以下,yǐxià
以为,yǐwéi
以便,yǐbiàn
以免,yǐmiǎn
以内,yǐnèi
以前,yǐqián
以及,yǐjí
以后,yǐhòu
以外,yǐwài
以往,yǐwǎng
以来,yǐlái
以至,yǐzhì
以至于,yǐzhìyú
以致,yǐzhì
以身作则,yǐshēnzuòzé
仪器,yíqì
仪式,yíshì
仪表,yíbiǎo
们,men
件,jiàn
价,jià
价值,jiàzhí
价格,jiàgé
价钱,jiàqian
任,rèn
任何,rènhé
任务,rènwu
任命,rènmìng
任性,rènxìng
任意,rènyì
份,fèn
仿佛,fǎngfú
企业,qǐyè
企图,qǐtú
伊斯兰教,Yīsīlánjiào
伍,wǔ
伏,fú
伐,fá
休养,xiūyǎng
休息,xiūxi
众,zhòng
众人,zhòngrén
众多,zhòngduō
众所周知,zhòngsuǒzhōuzhī
众议院,Zhòngyìyuàn
优,yōu
优先,yōuxiān
优势,yōushì
优异,yōuyì
优惠,yōuhuì
优点,yōudiǎn
优秀,yōuxiù
优美,yōuměi
优胜,yōushèng
优良,yōuliáng
优质,yōuzhì
优越,yōuyuè
伙,huǒ
伙伴,huǒbàn
伙计,huǒji
伙食,huǒshi
会,huì
会同,huìtóng
会员,huìyuán
会场,huìchǎng
会客,huìkè
会晤,huìwù
会见,huìjiàn
会计,kuàijì
会议,huìyì
会话,huìhuà
会谈,huìtán
伞,sǎn
伟大,wěidà
传,chuán
传单,chuándān
传授,chuánshòu
传播,chuánbō
传染,chuánrǎn
传真,chuánzhēn
传统,chuántǒng
传记,zhuànjì
传说,chuánshuō
传达,chuándá
传送,chuánsòng
传递,chuándì
伤,shāng
伤口,shāngkǒu
伤员,shāngyuán
伤害,shānghài
伤心,shāngxīn
伤痕,shānghén
伤脑筋,shāngnǎojīn
伪造,wěizào
伯伯,bóbo
伯母,bómǔ
估计,gūjì
伴,bàn
伴侣,bànlǚ
伴奏,bànzòu
伴随,bànsuí
伶俐,línglì
伸,shēn
伸展,shēnzhǎn
伸手,shēnshǒu
伺候,cìhou
似,sì
似乎,sìhū
似是而非,sìshì'érfēi
似的,shìde
似笑非笑,sìxiàofēixiào
但,dàn
但是,dànshì
位,wèi
位于,wèiyú
位置,wèizhi
低,dī
低下,dīxiá
低劣,dīliè
低温,dīwēn
低级,dījí
住,zhù
住宅,zhùzhái
住房,zhùfáng
住所,zhùsuǒ
住院,zhùyuàn
体,tǐ
体会,tǐhuì
体制,tǐzhì
体力,tǐlì
体操,tǐcāo
体温,tǐwēn
体现,tǐxiàn
体积,tǐjī
体系,tǐxì
体育,tǐyù
体育场,tǐyùchǎng
体育馆,tǐyùguǎn
体谅,tǐliàng
体质,tǐzhì
体贴,tǐtiē
体重,tǐzhòng
体面,tǐmian
体验,tǐyàn
何,hé
何况,hékuàng
何必,hébì
何等,héděng
余,yú
佛教,Fójiào
作,zuò
作业,zuòyè
作为,zuòwéi
作主,zuòzhǔ
作品,zuòpǐn
作家,zuòjiā
作废,zuòfèi
作战,zuòzhàn
作文,zuòwén
作案,zuò'àn
作法,zuòfǎ
作物,zuòwù
作用,zuòyòng
作者,zuòzhě
作风,zuòfēng
你,nǐ
你们,nǐmen
佩服,pèifu
佳,jiā
使劲,shǐjìn
使命,shǐmìng
使得,shǐde
使用,shǐyòng
使节,shǐjié
侄子,zhízi
例,lì
例外,lìwài
例如,lìrú
例子,lìzi
侍候,shìhòu
供,gōng
供不应求,gōngbùyìngqiú
供应,gōngyìng
供给,gōngjǐ
供销,gōngxiāo
依,yī
依据,yījù
依旧,yījiù
依次,yīcì
依然,yīrán
依照,yīzhào
依赖,yīlài
依靠,yīkào
侦察,zhēnchá
侦探,zhēntàn
侧,cè
侧面,cèmiàn
侨胞,Qiáobāo
侮辱,wǔrǔ
侵入,qīnrù
侵占,qīnzhàn
侵害,qīnhài
侵犯,qīnfàn
侵略,qīnlvè
侵蚀,qīnshí
便,biàn
便于,biànyú
便利,biànlì
便宜,piányi
便条,biàntiáo
便道,biàndào
促,cù
促使,cùshǐ
促进,cùjìn
俄语,éyǔ
俊,jùn
俗,sú
俗话,súhuà
俘虏,fúlǔ
保,bǎo
保健,bǎojiàn
保养,bǎoyǎng
保卫,bǎowèi
保姆,bǎomǔ
保存,bǎocún
保守,bǎoshǒu
保密,bǎomì
保护,bǎohù
保持,bǎochí
保温,bǎowēn
保留,bǎoliú
保管,bǎoguǎn
保证,bǎozhèng
保重,bǎozhòng
保险,bǎoxiǎn
保障,bǎozhàng
信,xìn
信仰,xìnyǎng
信件,xìnjiàn
信任,xìnrèn
信号,xìnhào
信封,xìnfēng
信心,xìnxīn
信念,xìnniàn
信息,xìnxī
信用,xìnyòng
信誉,xìnyù
信贷,xìndài
信赖,xìnlài
俩,liǎ
修,xiū
修养,xiūyǎng
修复,xiūfù
修建,xiūjiàn
修改,xiūgǎi
修正,xiūzhèng
修理,xiūlǐ
修筑,xiūzhù
修订,xiūdìng
俯,fǔ
俱乐部,jùlèbù
倍,bèi
倍数,bèishù
倒,dǎo
倒是,dàoshì
倒爷,dǎoyé
倒腾,dǎoteng
倒退,dàotuì
倒闭,dǎobì
倒霉,dǎoméi
倘若,tǎngruò
候补,hòubǔ
候选人,hòuxuǎnrén
倚,yǐ
借,jiè
借助,jièzhù
借口,jièkǒu
借鉴,jièjiàn
倡议,chàngyì
债,zhài
债务,zhàiwù
值,zhí
值得,zhíde
值班,zhíbān
倾向,qīngxiàng
倾听,qīngtīng
倾斜,qīngxié
假,jiǎ
假使,jiǎshǐ
假冒,jiǎmào
假如,jiǎrú
假定,jiǎdìng
假期,jiàqī
假条,jiàtiáo
假若,jiǎruò
假装,jiǎzhuāng
假设,jiǎshè
偏,piān
偏偏,piānpiān
偏僻,piānpì
偏向,piānxiàng
偏差,piānchā
偏见,piānjiàn
做,zuò
做客,zuòkè
做工,zuògōng
做梦,zuòmèng
做法,zuòfǎ
停,tíng
停止,tíngzhǐ
停泊,tíngbó
停滞,tíngzhì
停留,tíngliú
停顿,tíngdùn
健全,jiànquán
健壮,jiànzhuàng
健康,jiànkāng
健美,jiànměi
偶尔,ǒu'ěr
偶然,ǒurán
偷,tōu
偷偷,tōutōu
偷税,tōushuì
偷窃,tōuqiè
偿,cháng
偿还,chánghuán
傍晚,bàngwǎn
储备,chǔbèi
储存,chǔcún
储蓄,chǔxù
储藏,chǔcáng
催,cuī
傻,shǎ
傻子,shǎzi
像,xiàng
像样,xiàngyàng
像棋,xiàngqí
僵,jiāng
儿女,érnǚ
儿子,érzi
儿童,értóng
允许,yǔnxǔ
元,yuán
元件,yuánjiàn
元旦,Yuándàn
元素,yuánsù
元首,yuánshǒu
兄,xiōng
兄弟,xiōngdi
充分,chōngfèn
充实,chōngshí
充当,chōngdāng
充沛,chōngpèi
充满,chōngmǎn
充足,chōngzú
兆,zhào
先,xiān
先前,xiānqián
先后,xiānhòu
先生,xiānsheng
先行,xiānxíng
先进,xiānjìn
先锋,xiānfēng
光,guāng
光临,guānglín
光亮,guāngliàng
光彩,guāngcǎi
光明,guāngmíng
光棍儿,guānggùnr
光滑,guānghua
光线,guāngxiàn
光芒,guāngmáng
光荣,guāngróng
光辉,guānghuī
克,kè
克服,kèfú
免,miǎn
免得,miǎnde
免费,miǎnfèi
免除,miǎnchú
兑换,duìhuàn
兑现,duìxiàn
兔子,tùzi
党,dǎng
党中央,dǎngzhōngyāng
党员,dǎngyuán
党委,dǎngwěi
党性,dǎngxìng
党派,dǎngpài
党章,dǎngzhāng
兜,dōu
兜儿,dōur
兢兢业业,jīngjīngyèyè
入,rù
入侵,rùqīn
入口,rùkǒu
入境,rùjìng
入学,rùxué
入手,rùshǒu
全,quán
全会,quánhuì
全体,quántǐ
全力,quánlì
全力以赴,quánlìyǐfù
全局,quánjú
全心全意,quánxīnquányì
全民,quánmín
全部,quánbù
全都,quándōu
全集,quánjí
全面,quánmiàn
八,bā
公,gōng
公债,gōngzhài
公共,gōnggòng
公共汽车,gōnggòngqìchē
公关,gōngguān
公分,gōngfēn
公务,gōngwù
公司,gōngsī
公告,gōnggào
公园,gōngyuán
公安,gōng'ān
公尺,gōngchǐ
公布,gōngbù
公平,gōngpíng
公开,gōngkāi
公式,gōngshì
公报,gōngbào
公斤,gōngjīn
公有,gōngyǒu
公有制,gōngyǒuzhì
公民,gōngmín
公然,gōngrán
公用,gōngyòng
公用电话,gōngyòngdiànhuà
公社,gōngshè
公约,gōngyuē
公认,gōngrèn
公证,gōngzhèng
公费,gōngfèi
公路,gōnglù
公道,gōngdao
公里,gōnglǐ
公顷,gōngqǐng
六,liù
兰花,lánhuā
共,gòng
共产主义,gòngchǎnzhǔyì
共产党,gòngchǎndǎng
共同,gòngtóng
共和国,gònghéguó
共性,gòngxìng
共计,gòngjì
共青团,Gòngqīngtuán
共鸣,gòngmíng
关,guān
关于,guānyú
关切,guānqiè
关头,guāntóu
关心,guānxīn
关怀,guānhuái
关照,guānzhào
关系,guānxi
关节炎,guānjiéyán
关键,guānjiàn
关闭,guānbì
兴,xīng
兴办,xīngbàn
兴奋,xīngfèn
兴建,xīngjiàn
兴旺,xīngwàng
兴起,xīngqǐ
兴趣,xìngqù
兴高采烈,xìnggāocǎiliè
兵,bīng
其,qí
其中,qízhōng
其他,qítā
其余,qíyú
其它,qítā
其实,qíshí
其次,qícì
其间,qíjiān
具,jù
具体,jùtǐ
具备,jùbèi
具有,jùyǒu
典型,diǎnxíng
典礼,diǎnlǐ
养,yǎng
养分,yǎngfèn
养成,yǎngchéng
养料,yǎngliào
养殖,yǎngzhí
养活,yǎnghuo
养育,yǎngyù
兼,jiān
兼任,jiānrèn
内,nèi
内在,nèizài
内地,nèidì
内容,nèiróng
内幕,nèimù
内心,nèixīn
内战,nèizhàn
内政,nèizhèng
内科,nèikē
内脏,nèizàng
内行,nèiháng
内部,nèibù
内阁,nèigé
册,cè
再,zài
再三,zàisān
再生产,zàishēngchǎn
再见,zàijiàn
再说,zàishuō
冒,mào
冒牌,màopái
冒进,màojìn
冒险,màoxiǎn
写,xiě
写作,xiězuò
军,jūn
军事,jūnshì
军人,jūnrén
军医,jūnyī
军备,jūnbèi
军官,jūnguān
军用,jūnyòng
军舰,jūnjiàn
军装,jūnzhuāng
军阀,jūnfá
军队,jūnduì
农业,nóngyè
农产品,nóngchǎnpǐn
农作物,nóngzuòwù
农具,nóngjù
农场,nóngchǎng
农户,nónghù
农村,nóngcūn
农民,nóngmín
农田,nóngtián
农药,nóngyào
农贸市场,nóngmàoshìchǎng
冠军,guànjūn
冤,yuān
冤枉,yuānwang
冬,dōng
冬天,dōngtiān
冬季,dōngjì
冬瓜,dōngguā
冰,bīng
冰棍儿,bīnggùnr
冰淇淋,bīngqilín
冲,chōng
冲击,chōngjī
冲破,chōngpò
冲突,chōngtū
冲锋,chōngfēng
决,jué
决不,juébù
决口,juékǒu
决定,juédìng
决心,juéxīn
决战,juézhàn
决策,juécè
决算,juésuàn
决议,juéyì
决赛,juésài
况且,kuàngqiě
冶炼,yěliàn
冶金,yějīn
冷,lěng
冷却,lěngquè
冷淡,lěngdàn
冷静,lěngjìng
冷饮,lěngyǐn
冻,dòng
冻结,dòngjié
净,jìng
净化,jìnghuà
凄凉,qīliáng
凄惨,qīcǎn
准,zhǔn
准则,zhǔnzé
准备,zhǔnbèi
准时,zhǔnshí
准确,zhǔnquè
准许,zhǔnxǔ
凉,liáng
凉快,liángkuai
凉水,liángshuǐ
凌晨,língchén
减,jiǎn
减产,jiǎnchǎn
减低,jiǎndī
减少,jiǎnshǎo
减弱,jiǎnruò
减轻,jiǎnqīng
凑,còu
凑合,còuhe
凑巧,còuqiǎo
凝固,nínggù
凝结,níngjié
凝视,níngshì
几,jǐ
几乎,jīhū
几何,jǐhé
凡,fán
凡是,fánshì
凤凰,fènghuáng
凭,píng
凯旋,kǎixuán
凳子,dèngzi
凶,xiōng
凶恶,xiōng'è
凶狠,xiōnghěn
凶猛,xiōngměng
凸,tū
凹,āo
出,chū
出世,chūshì
出事,chūshì
出产,chūchǎn
出入,chūrù
出动,chūdòng
出卖,chūmài
出去,chūqù
出发,chūfā
出发点,chūfādiǎn
出口,chūkǒu
出名,chūmíng
出品,chūpǐn
出售,chūshòu
出境,chūjìng
出差,chūchāi
出席,chūxí
出息,chūxi
出来,chūlái
出洋相,chūyángxiàng
出版,chūbǎn
出现,chūxiàn
出生,chūshēng
出神,chūshén
出租,chūzū
出租汽车,chūzūqìchē
出色,chūsè
出访,chūfǎng
出路,chūlù
出身,chūshēn
出门,chūmén
出院,chūyuàn
出难题,chūnántí
出面,chūmiàn
击,jī
函授,hánshòu
凿,záo
刀,dāo
刀刃,dāorèn
刀子,dāozi
刁,diāo
分,fēn
分别,fēnbié
分割,fēngē
分化,fēnhuà
分外,fènwài
分子,fènzi
分寸,fēncun
分工,fēngōng
分布,fēnbù
分批,fēnpī
分散,fēnsàn
分数,fēnshù
分明,fēnmíng
分期,fēnqī
分析,fēnxī
分歧,fēnqí
分母,fēnmǔ
分泌,fēnmì
分清,fēnqīng
分离,fēnlí
分类,fēnlèi
分红,fēnhóng
分裂,fēnliè
分解,fēnjiě
分辨,fēnbiàn
分辩,fēnbiàn
分配,fēnpèi
分量,fēnliàng
分钟,fēnzhōng
分队,fēnduì
切,qiē
切实,qièshí
刊物,kānwù
刊登,kāndēng
刑,xíng
刑事,xíngshì
刑场,xíngchǎng
刑法,xíngfǎ
划,huà
划分,huàfēn
列,liè
列举,lièjǔ
列入,lièrù
列席,lièxí
列车,lièchē
则,zé
刚,gāng
刚刚,gānggāng
刚才,gāngcái
创,chuàng
创业,chuàngyè
创作,chuàngzuò
创办,chuàngbàn
创建,chuàngjiàn
创新,chuàngxīn
创立,chuànglì
创造,chuàngzào
初,chū
初中,chūzhōng
初期,chūqī
初步,chūbù
初级,chūjí
删,shān
判决,pànjué
判处,pànchǔ
判定,pàndìng
判断,pànduàn
刨,páo
利,lì
利弊,lìbì
利息,lìxī
利润,lìrùn
利用,lìyòng
利益,lìyì
别,bié
别人,biéren
别处,biéchù
别字,biézì
别扭,bièniu
别的,biéde
刮,guā
到,dào
到_为止_,dào_wéizhǐ_
到处,dàochù
到底,dàodǐ
到期,dàoqī
到来,dàolái
到达,dàodá
制,zhì
制作,zhìzuò
制品,zhìpǐn
制定,zhìdìng
制度,zhìdù
制服,zhìfú
制止,zhìzhǐ
制约,zhìyuē
制裁,zhìcái
制订,zhìdìng
制造,zhìzào
刷,shuā
刷子,shuāzi
券,quàn
刹车,shāchē
刹那,chànà
刺,cì
刺激,cìjī
刻,kè
刻苦,kèkǔ
剃,tì
削,xiāo
削减,xuējiǎn
削弱,xuēruò
前,qián
前人,qiánrén
前列,qiánliè
前后,qiánhòu
前天,qiántiān
前头,qiántou
前年,qiánnián
前往,qiánwǎng
前所未有,qiánsuǒwèiyǒu
前提,qiántí
前方,qiánfāng
前景,qiánjǐng
前期,qiánqī
前程,qiánchéng
前线,qiánxiàn
前赴后继,qiánfùhòujì
前辈,qiánbèi
前边,qiánbiān
前进,qiánjìn
前途,qiántú
前面,qiánmian
剥,bāo
剥削,bōxuē
剧,jù
剧团,jùtuán
剧场,jùchǎng
剧本,jùběn
剧烈,jùliè
剧院,jùyuàn
剩,shèng
剩余,shèngyú
剪,jiǎn
剪刀,jiǎndāo
剪彩,jiǎncǎi
副,fù
副业,fùyè
副作用,fùzuòyòng
副食,fùshí
割,gē
劈,pī
力,lì
力争,lìzhēng
力图,lìtú
力所能及,lìsuǒnéngjí
力气,lìqi
力求,lìqiú
力量,lìliang
劝,quàn
劝告,quàngào
劝说,quànshuō
劝阻,quànzǔ
办,bàn
办事,bànshì
办公,bàngōng
办公室,bàngōngshì
办学,bànxué
办法,bànfǎ
办理,bànlǐ
功,gōng
功劳,gōngláo
功夫,gōngfu
功效,gōngxiào
功绩,gōngjì
功能,gōngnéng
功课,gōngkè
加,jiā
加以,jiāyǐ
加入,jiārù
加剧,jiājù
加工,jiāgōng
加强,jiāqiáng
加急,jiājí
加油,jiāyóu
加深,jiāshēn
加热,jiārè
加班,jiābān
加紧,jiājǐn
加速,jiāsù
加重,jiāzhòng
务必,wùbì
劣,liè
动,dòng
动乱,dòngluàn
动人,dòngrén
动作,dòngzuò
动力,dònglì
动员,dòngyuán
动工,dònggōng
动态,dòngtài
动手,dòngshǒu
动摇,dòngyáo
动机,dòngjī
动物,dòngwù
动物园,dòngwùyuán
动用,dòngyòng
动脉,dòngmài
动荡,dòngdàng
动身,dòngshēn
动静,dòngjing
助,zhù
助手,zhùshǒu
助理,zhùlǐ
助长,zhùzhǎng
努力,nǔlì
劫,jié
劫持,jiéchí
劲,jìn
劲头,jìntóu
劳动,láodòng
劳动力,láodònglì
劳驾,láojià
势力,shìli
势必,shìbì
勇于,yǒngyú
勇士,yǒngshì
勇敢,yǒnggǎn
勇气,yǒngqì
勉励,miǎnlì
勉强,miǎnqiǎng
勒,lēi
勘探,kāntàn
勤,qín
勤俭,qínjiǎn
勤劳,qínláo
勤奋,qínfèn
勤工俭学,qíngōngjiǎnxué
勤恳,qínkěn
勺子,sháozi
勾,gōu
勾结,gōujié
勿,wù
匀,yún
包,bāo
包办,bāobàn
包含,bāohán
包围,bāowéi
包子,bāozi
包干儿,bāogānr
包括,bāokuò
包袱,bāofu
包装,bāozhuāng
包裹,bāoguǒ
匆匆,cōngcōng
匆忙,cōngmáng
化,huà
化合,huàhé
化妆,huàzhuāng
化学,huàxué
化工,huàgōng
化石,huàshí
化纤,huàxiān
化肥,huàféi
化验,huàyàn
北,běi
北方,běifāng
北边,běibiān
北部,běibù
北面,běimiàn
匪徒,fěitú
匹,pǐ
区,qū
区分,qūfēn
区别,qūbié
区域,qūyù
医,yī
医务,yīwù
医务室,yīwùshì
医学,yīxué
医治,yīzhì
医生,yīshēng
医疗,yīliáo
医药,yīyào
医院,yīyuàn
十,shí
十全十美,shíquánshíměi
十分,shífēn
十足,shízú
千,qiān
千万,qiānwàn
千克,qiānkè
千军万马,qiānjūnwànmǎ
千方百计,qiānfāngbǎijì
千瓦,qiānwǎ
升,shēng
升学,shēngxué
午饭,wǔfàn
半,bàn
半夜,bànyè
半天,bàntiān
半导体,bàndǎotǐ
半岛,bàndǎo
半径,bànjìng
半截,bànjié
半拉,bànlǎ
半数,bànshù
半真半假,bànzhēnbànjiǎ
半路,bànlù
半边天,bànbiāntiān
半途而废,bàntú'érfèi
华丽,huálì
华人,huárén
华侨,huáqiáo
协会,xiéhuì
协作,xiézuò
协助,xiézhù
协商,xiéshāng
协定,xiédìng
协议,xiéyì
协调,xiétiáo
卑鄙,bēibǐ
卓越,zhuóyuè
单,dān
单位,dānwèi
单元,dānyuán
单独,dāndú
单纯,dānchún
单词,dāncí
单调,dāndiào
卖,mài
卖国,màiguó
南,nán
南方,nánfāng
南边,nánbiān
南部,nánbù
南面,nánmiàn
博士,bóshì
博物馆,bówùguǎn
博览会,bólǎnhuì
卜,bǔ
占,zhàn
占据,zhànjù
占有,zhànyǒu
占领,zhànlǐng
卡,kǎ
卡片,kǎpiàn
卡车,kǎchē
卧,wò
卧室,wòshì
卫星,wèixīng
卫生,wèishēng
印,yìn
印刷,yìnshuā
印染,yìnrǎn
印象,yìnxiàng
危害,wēihài
危急,wēijí
危机,wēijī
危险,wēixiǎn
即,jí
即使,jíshǐ
即便,jíbiàn
即将,jíjiāng
却,què
卵,luǎn
卷,juǎn
卸,xiè
厂商,chǎngshāng
厂家,chǎngjiā
厂房,chǎngfáng
厂长,chǎngzhǎng
厅,tīng
历代,lìdài
历史,lìshǐ
历年,lìnián
历来,lìlái
厉害,lìhai
压,yā
压制,yāzhì
压力,yālì
压抑,yāyì
压缩,yāsuō
压迫,yāpò
压韵,yāyùn
厌恶,yànwù
厕所,cèsuǒ
厘米,límǐ
厚,hòu
厚度,hòudù
原,yuán
原先,yuánxiān
原则,yuánzé
原告,yuángào
原因,yuányīn
原始,yuánshǐ
原子,yuánzǐ
原子弹,yuánzǐdàn
原子能,yuánzǐnéng
原料,yuánliào
原材料,yuáncáiliào
原来,yuánlái
原油,yuányóu
原理,yuánlǐ
原谅,yuánliàng
厦,shà
厨师,chúshī
厨房,chúfáng
去,qù
去世,qùshì
去年,qùnián
县,xiàn
县城,xiànchéng
县长,xiànzhǎng
叁,sān
参与,cānyù
参军,cānjūn
参加,cānjiā
参照,cānzhào
参考,cānkǎo
参观,cānguān
参议院,cānyìyuàn
参谋,cānmóu
参阅,cānyuè
又,yòu
叉,chā
叉子,chāzi
及其,jíqí
及早,jízǎo
及时,jíshí
及格,jígé
友人,yǒurén
友好,yǒuhǎo
友情,yǒuqíng
友爱,yǒu'ài
友谊,yǒuyì
双,shuāng
双方,shuāngfāng
反,fǎn
反之,fǎnzhī
反倒,fǎndào
反击,fǎnjī
反动,fǎndòng
反复,fǎnfù
反对,fǎnduì
反射,fǎnshè
反常,fǎncháng
反应,fǎnyìng
反思,fǎnsī
反感,fǎngǎn
反抗,fǎnkàng
反攻,fǎngōng
反映,fǎnyìng
反正,fǎnzhèng
反而,fǎn'ér
反问,fǎnwèn
反面,fǎnmiàn
反革命,fǎngémìng
反馈,fǎnkuì
反驳,fǎnbó
发,fā
发出,fāchū
发动,fādòng
发奋图强,fāfèntúqiáng
发射,fāshè
发展,fāzhǎn
发布,fābù
发愁,fāchóu
发扬,fāyáng
发扬光大,fāyángguāngdà
发抖,fādǒu
发挥,fāhuī
发明,fāmíng
发火,fāhuǒ
发炎,fāyán
发烧,fāshāo
发热,fārè
发现,fāxiàn
发生,fāshēng
发电,fādiàn
发病,fābìng
发票,fāpiào
发育,fāyù
发脾气,fāpíqi
发行,fāxíng
发表,fābiǎo
发觉,fājué
发言,fāyán
发誓,fāshì
发财,fācái
发起,fāqǐ
发达,fādá
叔叔,shūshu
取,qǔ
取代,qǔdài
取得,qǔdé
取消,qǔxiāo
受,shòu
受伤,shòushāng
变,biàn
变动,biàndòng
变化,biànhuà
变形,biànxíng
变成,biànchéng
变换,biànhuàn
变更,biàngēng
变质,biànzhì
变迁,biànqiān
变革,biàngé
叙谈,xùtán
叙述,xùshù
叛变,pànbiàn
叛徒,pàntú
叠,dié
口,kǒu
口号,kǒuhào
口头,kǒutóu
口岸,kǒu'àn
口气,kǒuqì
口腔,kǒuqiāng
口袋,kǒudài
口试,kǒushì
口语,kǒuyǔ
古,gǔ
古人,gǔrén
古代,gǔdài
古典,gǔdiǎn
古怪,gǔguài
古文,gǔwén
古老,gǔlǎo
句,jù
句子,jùzi
另,lìng
另外,lìngwài
叨唠,dāolao
只,zhǐ
只好,zhǐhǎo
只得,zhǐdé
只是,zhǐshì
只有,zhǐyǒu
只管,zhǐguǎn
只能,zhǐnéng
只要,zhǐyào
只顾,zhǐgù
叫,jiào
叫做,jiàozuò
叫唤,jiàohuan
叫喊,jiàohǎn
叫嚷,jiàorǎng
召开,zhàokāi
召集,zhàojí
叮嘱,dīngzhǔ
可,kě
可不是,kěbushì
可以,kěyǐ
可口,kěkǒu
可喜,kěxǐ
可巧,kěqiǎo
可怕,kěpà
可怜,kělián
可恶,kěwù
可惜,kěxī
可想而知,kěxiǎng'érzhī
可是,kěshì
可歌可泣,kěgēkěqì
可爱,kě'ài
可笑,kěxiào
可能,kěnéng
可行,kěxíng
可见,kějiàn
可观,kěguān
可贵,kěguì
可靠,kěkào
台,tái
台阶,táijiē
台风,táifēng
史,shǐ
史料,shǐliào
右,yòu
右边,yòubian
叶子,yèzi
号,hào
号召,hàozhào
号码,hàomǎ
号称,hàochēng
司令,sīlìng
司令部,sīlìngbù
司机,sījī
司法,sīfǎ
叹,tàn
叹气,tànqì
叼,diāo
吃,chī
吃亏,chīkuī
吃力,chīlì
吃惊,chījīng
吃苦,chīkǔ
各,gè
各别,gèbié
各奔前程,gèbènqiánchéng
各式各样,gèshìgèyàng
各界,gèjiè
各种,gèzhǒng
各自,gèzì
各行各业,gèhánggèyè
合,hé
合乎,héhū
合伙,héhuǒ
合作,hézuò
合同,hétong
合唱,héchàng
合并,hébìng
合情合理,héqínghélǐ
合成,héchéng
合格,hégé
合法,héfǎ
合理,hélǐ
合算,hésuàn
合营,héyíng
合资,hézī
合适,héshì
合金,héjīn
吉普车,jípǔchē
吉祥,jíxiáng
吊,diào
同,tóng
同一,tóngyī
同事,tóngshì
同伴,tóngbàn
同学,tóngxué
同屋,tóngwū
同年,tóngnián
同志,tóngzhì
同情,tóngqíng
同意,tóngyì
同时,tóngshí
同期,tóngqī
同样,tóngyàng
同步,tóngbù
同盟,tóngméng
同等,tóngděng
同类,tónglèi
同胞,tóngbāo
同行,tóngháng
名,míng
名义,míngyì
名人,míngrén
名副其实,míngfùqíshí
名单,míngdān
名声,míngshēng
名字,míngzi
名次,míngcì
名牌,míngpái
名称,míngchēng
名胜,míngshèng
名誉,míngyù
名贵,míngguì
名额,míng'é
后,hòu
后代,hòudài
后勤,hòuqín
后台,hòutái
后天,hòutiān
后头,hòutou
后年,hòunián
后悔,hòuhuǐ
后方,hòufāng
后期,hòuqī
后来,hòulái
后果,hòuguǒ
后边,hòubiān
后退,hòutuì
后面,hòumian
吐,tù
向,xiàng
向导,xiàngdǎo
向往,xiàngwǎng
向来,xiànglái
吓,xià
吗,ma
君,jūn
吞,tūn
否,fǒu
否决,fǒujué
否则,fǒuzé
否定,fǒudìng
否认,fǒurèn
吧,ba
吨,dūn
吩咐,fēnfù
含,hán
含义,hányì
含有,hányǒu
含糊,hánhu
含量,hánliàng
听,tīng
听众,tīngzhòng
听写,tīngxiě
听取,tīngqǔ
听见,tīngjiàn
听讲,tīngjiǎng
听话,tīnghuà
听说,tīngshuō
启事,qǐshì
启发,qǐfā
启示,qǐshì
启程,qǐchéng
吵,chǎo
吵嘴,chǎozuǐ
吵架,chǎojià
吵闹,chǎonào
吸,xī
吸取,xīqǔ
吸引,xīyǐn
吸收,xīshōu
吸毒,xīdú
吸烟,xīyān
吹,chuī
吹捧,chuīpěng
吹牛,chuīniú
吻,wěn
吼,hǒu
呀,yā
呆,dāi
呈,chéng
呈现,chéngxiàn
告,gào
告别,gàobié
告状,gàozhuàng
告诉,gàosu
告诫,gàojiè
告辞,gàocí
呐,na
呕吐,ǒutù
员,yuán
呜咽,wūyè
呢,ne
周,zhōu
周到,zhōudao
周围,zhōuwéi
周密,zhōumì
周年,zhōunián
周折,zhōuzhé
周期,zhōuqī
周末,zhōumò
周转,zhōuzhuǎn
味,wèi
味道,wèidao
呵,hē
呻吟,shēnyín
呼,hū
呼吁,hūyù
呼吸,hūxī
呼呼,hūhū
呼啸,hūxiào
呼声,hūshēng
命,mìng
命令,mìnglìng
命名,mìngmíng
命运,mìngyùn
命题,mìngtí
咋,zǎ
和,hé
和尚,héshang
和平,hépíng
和平共处,hépínggòngchǔ
和气,héqi
和睦,hémù
和约,héyuē
和蔼,hé'ǎi
和解,héjiě
和谐,héxié
咖啡,kāfēi
咨询,zīxún
咬,yǎo
咱,zán
咱们,zánmen
咳,hāi
咳嗽,késou
咸,xián
咽,yàn
哀悼,āidào
哀求,āiqiú
品,pǐn
品尝,pǐncháng
品德,pǐndé
品种,pǐnzhǒng
品行,pǐnxíng
品质,pǐnzhì
哄,hòng
哆嗦,duōsuo
哇,wa
哈哈,hāhā
响,xiǎng
响亮,xiǎngliàng
响声,xiǎngsheng
响应,xiǎngyìng
哎,āi
哎呀,āiyā
哎哟,āiyō
哑,yǎ
哗哗,huāhuā
哟,yo
哥哥,gēge
哦,ò
哨,shào
哨兵,shàobīng
哪,na
哪个,nǎge
哪些,nǎxiē
哪怕,nǎpà
哪里,nǎlǐ
哭,kū
哲学,zhéxué
哼,hēng
唉,āi
唤,huàn
售,shòu
售货,shòuhuò
唯心主义,wéixīnzhǔyì
唯心论,wéixīnlùn
唯物主义,wéiwùzhǔyì
唯物论,wéiwùlùn
唱,chàng
唾沫,tuòmo
啃,kěn
啄,zhuó
商,shāng
商业,shāngyè
商人,shāngrén
商品,shāngpǐn
商场,shāngchǎng
商店,shāngdiàn
商标,shāngbiāo
商讨,shāngtǎo
商议,shāngyì
商量,shāngliang
啊,ā
啤酒,píjiǔ
啦,la
喂,wèi
善,shàn
善于,shànyú
善良,shànliáng
喇叭,lǎba
喉咙,hóulóng
喊,hǎn
喊叫,hǎnjiào
喘,chuǎn
喜,xǐ
喜事,xǐshì
喜悦,xǐyuè
喜欢,xǐhuan
喜爱,xǐ'ài
喜讯,xǐxùn
喜鹊,xǐque
喝,hē
喷,pēn
喷射,pēnshè
喽,lou
嗅,xiù
嗓子,sǎngzi
嗡,wēng
嗯,ng
嘉奖,jiājiǎng
嘛,ma
嘱咐,zhǔfu
嘱托,zhǔtuō
嘲笑,cháoxiào
嘴,zuǐ
嘴唇,zuǐchún
嘴巴,zuǐba
嘿,hēi
噢,ō
器,qì
器具,qìjù
器官,qìguān
器材,qìcái
器械,qìxiè
噪音,zàoyīn
嚷,rǎng
嚼,jiáo
四,sì
四周,sìzhōu
四处,sìchù
四季,sìjì
四方,sìfāng
四肢,sìzhī
四面八方,sìmiàn_bāfāng
回,huí
回信,huíxìn
回击,huíjī
回去,huíqù
回头,huítóu
回忆,huíyì
回想,huíxiǎng
回收,huíshōu
回来,huílái
回答,huídá
回避,huíbì
回顾,huígù
因,yīn
因为,yīnwèi
因此,yīncǐ
因素,yīnsù
因而,yīn'ér
团,tuán
团体,tuántǐ
团员,tuányuán
团圆,tuányuán
团结,tuánjié
团聚,tuánjù
团长,tuánzhǎng
园,yuán
园林,yuánlín
困,kùn
困苦,kùnkǔ
困难,kùnnan
围,wéi
围巾,wéijīn
围攻,wéigōng
围棋,wéiqí
围绕,wéirào
固体,gùtǐ
固定,gùdìng
固执,gùzhí
固有,gùyǒu
固然,gùrán
国,guó
国产,guóchǎn
国会,guóhuì
国力,guólì
国务院,Guówùyuàn
国土,guótǔ
国家,guójiā
国庆节,Guóqìngjié
国库券,guókùquàn
国情,guóqíng
国旗,guóqí
国有,guóyǒu
国民,guómín
国民党,Guómíndǎng
国法,guófǎ
国王,guówáng
国籍,guójí
国营,guóyíng
国防,guófáng
国际,guójì
国际主义,guójìzhǔyì
国际法,guójìfǎ
图,tú
图书馆,túshūguǎn
图形,túxíng
图案,tú'àn
图片,túpiàn
图画,túhuà
图纸,túzhǐ
图表,túbiǎo
图象,túxiàng
圆,yuán
圆光,yuánguāng
圆满,yuánmǎn
圆珠笔,yuánzhūbǐ
圈,quān
圈套,quāntào
圈子,quānzi
土,tǔ
土地,tǔdì
土壤,tǔrǎng
土豆,tǔdòu
圣诞节,Shèngdànjié
在,zài
在乎,zàihu
在于,zàiyú
在座,zàizuò
在意,zàiyì
地,dì
地下,dìxià
地主,dìzhǔ
地位,dìwèi
地势,dìshì
地区,dìqū
地图,dìtú
地址,dìzhǐ
地带,dìdài
地形,dìxíng
地方,dìfang
地板,dìbǎn
地步,dìbù
地毯,dìtǎn
地点,dìdiǎn
地球,dìqiú
地理,dìlǐ
地质,dìzhì
地道,dìdào
地铁,dìtiě
地震,dìzhèn
地面,dìmiàn
场,chǎng
场合,chǎnghé
场地,chǎngdì
场所,chǎngsuǒ
场面,chǎngmiàn
均,jūn
均匀,jūnyún
坏,huài
坏处,huàichu
坏蛋,huàidàn
坐,zuò
坐班,zuòbān
坑,kēng
块,kuài
坚信,jiānxìn
坚决,jiānjué
坚固,jiāngù
坚定,jiāndìng
坚实,jiānshí
坚强,jiānqiáng
坚持,jiānchí
坚硬,jiānyìng
坚贞不屈,jiānzhēnbùqū
坚韧,jiānrèn
坛,tán
坝,bà
坟,fén
坟墓,fénmù
坡,pō
坦克,tǎnkè
坦白,tǎnbái
坯,pī
垂,chuí
垂直,chuízhí
垃圾,lājī
垄断,lǒngduàn
型,xíng
型号,xínghào
垒,lěi
垫,diàn
垮,kuǎ
埋,mái
埋头,máitóu
埋怨,mányuàn
埋没,máimò
城,chéng
城市,chéngshì
城镇,chéngzhèn
埠,bù
培养,péiyǎng
培育,péiyù
培训,péixùn
基地,jīdì
基层,jīcéng
基本,jīběn
基督教,Jīdūjiào
基础,jīchǔ
基金,jījīn
堆,duī
堆积,duījī
堕落,duòluò
堡垒,bǎolěi
堤,dī
堵,dǔ
堵塞,dǔsè
塌,tā
塑料,sùliào
塑造,sùzào
塔,tǎ
塘,táng
塞,sāi
填,tián
填写,tiánxiě
填补,tiánbǔ
境,jìng
境地,jìngdì
境界,jìngjiè
墓,mù
墙,qiáng
墙壁,qiángbì
增,zēng
增产,zēngchǎn
增加,zēngjiā
增强,zēngqiáng
增援,zēngyuán
增添,zēngtiān
增设,zēngshè
增进,zēngjìn
增长,zēngzhǎng
墨,mò
墨水儿,mòshuǐr
壁,bì
士兵,shìbīng
壮,zhuàng
壮丽,zhuànglì
壮大,zhuàngdà
壮志,zhuàngzhì
壮烈,zhuàngliè
壮观,zhuàngguān
声,shēng
声势,shēngshì
声明,shēngmíng
声誉,shēngyù
声调,shēngdiào
声音,shēngyīn
壳,ké
壶,hú
壹,yī
处,chù
处于,chǔyú
处决,chǔjué
处分,chǔfèn
处境,chǔjìng
处处,chùchù
处方,chǔfāng
处理,chǔlǐ
处罚,chǔfá
处置,chǔzhì
备用,bèiyòng
复,fù
复习,fùxí
复兴,fùxīng
复制,fùzhì
复印,fùyìn
复合,fùhé
复杂,fùzá
复活,fùhuó
复活节,Fùhuójié
复辟,fùbì
复述,fùshù
夏,xià
夏天,xiàtiān
夏季,xiàjì
外,wài
外事,wàishì
外交,wàijiāo
外出,wàichū
外力,wàilì
外向型,wàixiàngxíng
外国,wàiguó
外地,wàidì
外头,wàitou
外婆,wàipó
外宾,wàibīn
外形,wàixíng
外汇,wàihuì
外流,wàiliú
外电,wàidiàn
外界,wàijiè
外祖母,wàizǔmǔ
外祖父,wàizǔfù
外科,wàikē
外行,wàiháng
外衣,wàiyī
外表,wàibiǎo
外观,wàiguān
外语,wàiyǔ
外资,wàizī
外边,wàibiān
外部,wàibù
外面,wàimian
多,duō
多么,duōme
多亏,duōkuī
多余,duōyú
多劳多得,duōláo_duōdé
多半,duōbàn
多少,duōshao
多数,duōshù
夜,yè
夜晚,yèwǎn
夜班,yèbān
夜里,yèli
夜间,yèjiān
够,gòu
大,dà
大于,dàyú
大人,dàren
大众,dàzhòng
大伙儿,dàhuǒr
大会,dàhuì
大体,dàtǐ
大使,dàshǐ
大使馆,dàshǐguǎn
大便,dàbiàn
大公无私,dàgōngwúsī
大力,dàlì
大包大揽,dàbāodàlǎn
大半,dàbàn
大厦,dàshà
大同小异,dàtóngxiǎoyì
大哥,dàgē
大地,dàdì
大型,dàxíng
大声,dàshēng
大多,dàduō
大多数,dàduōshù
大大,dàdà
大夫,dàifu
大嫂,dàsǎo
大学,dàxué
大家,dàjiā
大小,dàxiǎo
大局,dàjú
大意,dàyì
大批,dàpī
大拇指,dàmuzhǐ
大方,dàfang
大无畏,dàwúwèi
大有可为,dàyǒukěwéi
大概,dàgài
大气压,dàqìyā
大炮,dàpào
大理石,dàlǐshí
大米,dàmǐ
大约,dàyuē
大肆,dàsì
大胆,dàdǎn
大脑,dànǎo
大臣,dàchén
大自然,dàzìrán
大致,dàzhì
大街,dàjiē
大衣,dàyī
大道,dàdào
大都,dàdū
大量,dàliàng
大锅饭,dàguōfàn
大队,dàduì
大陆,dàlù
大雁,dàyàn
天,tiān
天上,tiānshàng
天下,tiānxià
天主教,Tiānzhǔjiào
天地,tiāndì
天堂,tiāntáng
天才,tiāncái
天文,tiānwén
天气,tiānqì
天然,tiānrán
天然气,tiānránqì
天生,tiānshēng
天真,tiānzhēn
天空,tiānkōng
天线,tiānxiàn
天色,tiānsè
天长地久,tiānchángdìjiǔ
太,tài
太太,tàitai
太平,tàipíng
太空,tàikōng
太阳,tàiyáng
太阳能,tàiyángnéng
夫人,fūren
夫妇,fūfù
夫妻,fūqī
失,shī
失业,shīyè
失事,shīshì
失去,shīqù
失学,shīxué
失掉,shīdiào
失效,shīxiào
失望,shīwàng
失眠,shīmián
失约,shīyuē
失误,shīwù
失败,shībài
失踪,shīzōng
头,tóu
头发,tóufa
头子,tóuzi
头脑,tóunǎo
夸,kuā
夸奖,kuājiǎng
夹,jiā
夹子,jiāzi
夹杂,jiāzá
夺,duó
夺取,duóqǔ
夺得,duódé
奇妙,qímiào
奇怪,qíguài
奇特,qítè
奇花异草,qíhuāyìcǎo
奇迹,qíjì
奉献,fèngxiàn
奉行,fèngxíng
奋勇,fènyǒng
奋战,fènzhàn
奋斗,fèndòu
奏,zòu
奔,bèn
奔腾,bēnténg
奔跑,bēnpǎo
奔驰,bēnchí
奖,jiǎng
奖励,jiǎnglì
奖品,jiǎngpǐn
奖学金,jiǎngxuéjīn
奖状,jiǎngzhuàng
奖金,jiǎngjīn
套,tào
奠定,diàndìng
奢侈,shēchǐ
奥秘,àomì
女,nǚ
女人,nǚrén
女儿,nǚér
女士,nǚshì
女子,nǚzǐ
女性,nǚxìng
奴役,núyì
奴隶,núlì
奶,nǎi
奶奶,nǎinai
奶粉,nǎifěn
奸,jiān
她,tā
她们,tāmen
好,hǎo
好久,hǎojiǔ
好些,hǎoxiē
好像,hǎoxiàng
好吃,hǎochī
好听,hǎotīng
好在,hǎozài
好坏,hǎohuài
好处,hǎochu
好多,hǎoduō
好奇,hàoqí
好好儿,hǎohāor
好客,hàokè
好容易,hǎoróngyì
好感,hǎogǎn
好样的,hǎoyàngde
好比,hǎobǐ
好玩儿,hǎowánr
好看,hǎokàn
好说,hǎoshuō
好转,hǎozhuǎn
如,rú
如下,rúxià
如今,rújīn
如何,rúhé
如同,rútóng
如意,rúyì
如果,rúguǒ
如此,rúcǐ
如醉如痴,rúzuìrúchī
妄图,wàngtú
妄想,wàngxiǎng
妇人,fùrén
妇女,fùnǚ
妈妈,māma
妖怪,yāoguài
妙,miào
妥,tuǒ
妥协,tuǒxié
妥善,tuǒshàn
妥当,tuǒdang
妨碍,fáng'ài
妹妹,mèimei
妻子,qīzi
始,shǐ
始终,shǐzhōng
姐姐,jiějie
姑且,gūqiě
姑姑,gūgu
姑娘,gūniang
姓,xìng
姓名,xìngmíng
委员,wěiyuán
委屈,wěiqu
委托,wěituō
姜,jiāng
姥姥,lǎolao
姨,yí
姿势,zīshì
姿态,zītài
威信,wēixìn
威力,wēilì
威望,wēiwàng
威胁,wēixié
威风,wēifēng
娃娃,wáwa
娇,jiāo
娇气,jiāoqì
娘,niáng
娱乐,yúlè
娶,qǔ
婆婆,pópo
婚姻,hūnyīn
婴儿,yīng'ér
婶子,shěnzi
媒介,méijiè
媳妇,xífù
嫁,jià
嫂子,sǎozi
嫉妒,jídù
嫌,xián
嫌疑,xiányí
嫩,nèn
子,zǐ
子孙,zǐsūn
子弟,zǐdì
子弹,zǐdàn
孔,kǒng
孔雀,kǒngquè
孕育,yùnyù
字,zì
字典,zìdiǎn
字母,zìmǔ
存,cún
存在,cúnzài
存放,cúnfàng
存款,cúnkuǎn
孙女,sūnnǚ
孙子,sūnzi
孝顺,xiàoshùn
季,jì
季度,jìdù
季节,jìjié
孤单,gūdān
孤独,gūdú
孤立,gūlì
学,xué
学习,xuéxí
学会,xuéhuì
学位,xuéwèi
学制,xuézhì
学历,xuélì
学年,xuénián
学时,xuéshí
学期,xuéqī
学术,xuéshù
学校,xuéxiào
学派,xuépài
学生,xuésheng
学科,xuékē
学者,xuézhě
学说,xuéshuō
学费,xuéfèi
学问,xuéwen
学院,xuéyuàn
孩子,háizi
宁可,nìngkě
宁愿,nìngyuàn
宁肯,nìngkěn
宁静,níngjìng
它,tā
它们,tāmen
宇宙,yǔzhòu
守,shǒu
守卫,shǒuwèi
守法,shǒufǎ
安,ān
安全,ānquán
安宁,ānníng
安定,āndìng
安心,ānxīn
安慰,ānwèi
安排,ānpái
安稳,ānwěn
安置,ānzhì
安装,ānzhuāng
安详,ānxiáng
安静,ānjìng
完,wán
完全,wánquán
完善,wánshàn
完备,wánbèi
完成,wánchéng
完整,wánzhěng
完毕,wánbì
完蛋,wándàn
宏伟,hóngwěi
宏大,hóngdà
宗教,zōngjiào
宗旨,zōngzhǐ
宗派,zōngpài
官,guān
官僚,guānliáo
官僚主义,guānliáozhǔyì
官员,guānyuán
官方,guānfāng
定,dìng
定义,dìngyì
定价,dìngjià
定向,dìngxiàng
定居,dìngjū
定律,dìnglǜ
定性,dìngxìng
定期,dìngqī
定点,dìngdiǎn
定理,dìnglǐ
定量,dìngliàng
定额,dìng'é
宝,bǎo
宝剑,bǎojiàn
宝库,bǎokù
宝石,bǎoshí
宝贝,bǎobèi
宝贵,bǎoguì
实,shí
实习,shíxí
实事求是,shíshìqiúshì
实体,shítǐ
实况,shíkuàng
实力,shílì
实在,shízài
实惠,shíhuì
实施,shíshī
实物,shíwù
实现,shíxiàn
实用,shíyòng
实行,shíxíng
实话,shíhuà
实质,shízhì
实践,shíjiàn
实际,shíjì
审,shěn
审判,shěnpàn
审定,shěndìng
审批,shěnpī
审查,shěnchá
审理,shěnlǐ
审美,shěnměi
审议,shěnyì
审讯,shěnxùn
客,kè
客人,kèren
客厅,kètīng
客气,kèqi
客观,kèguān
客车,kèchē
宣传,xuānchuán
宣告,xuāngào
宣布,xuānbù
宣扬,xuānyáng
宣称,xuānchēng
宣言,xuānyán
宣誓,xuānshì
宣读,xuāndú
室,shì
宪法,xiànfǎ
宫,gōng
宫殿,gōngdiàn
宰,zǎi
害,hài
害处,hàichu
害怕,hàipà
害羞,hàixiū
害虫,hàichóng
宴会,yànhuì
宴席,yànxí
宴请,yànqǐng
家,jiā
家乡,jiāxiāng
家伙,jiāhuo
家具,jiāju
家务,jiāwù
家喻户晓,jiāyùhùxiǎo
家属,jiāshǔ
家常,jiācháng
家庭,jiātíng
家畜,jiāchù
家长,jiāzhǎng
容,róng
容器,róngqì
容忍,róngrěn
容易,róngyì
容积,róngjī
容纳,róngnà
容许,róngxǔ
容量,róngliàng
宽,kuān
宽大,kuāndà
宽广,kuānguǎng
宽敞,kuānchang
宽阔,kuānkuò
宾馆,bīnguǎn
宿舍,sùshè
寂寞,jìmò
寂静,jìjìng
寄,jì
寄托,jìtuō
密,mì
密切,mìqiè
密封,mìfēng
密度,mìdù
富,fù
富余,fùyu
富强,fùqiáng
富有,fùyǒu
富裕,fùyù
寒,hán
寒假,hánjià
寒冷,hánlěng
寒暄,hánxuān
寓,yù
寓言,yùyán
寡妇,guǎfu
寨,zhài
寸,cùn
对,duì
对_来说,duì_láishuō
对不起,duìbuqǐ
对了,duìle
对于,duìyú
对付,duìfu
对头,duìtóu
对岸,duì'àn
对应,duìyìng
对待,duìdài
对得起,duìdeqǐ
对手,duìshǒu
对抗,duìkàng
对方,duìfāng
对比,duìbǐ
对照,duìzhào
对称,duìchèn
对立,duìlì
对策,duìcè
对联,duìlián
对话,duìhuà
对象,duìxiàng
对门,duìmén
对面,duìmiàn
寺,sì
寻,xún
寻找,xúnzhǎo
寻求,xúnqiú
导体,dǎotǐ
导师,dǎoshī
导弹,dǎodàn
导游,dǎoyóu
导演,dǎoyǎn
导致,dǎozhì
导航,dǎoháng
寿命,shòumìng
封,fēng
封建,fēngjiàn
封锁,fēngsuǒ
封闭,fēngbì
射,shè
射击,shèjī
将,jiāng
将军,jiāngjūn
将来,jiānglái
将要,jiāngyào
将近,jiāngjìn
尊,zūn
尊严,zūnyán
尊敬,zūnjìng
尊称,zūnchēng
尊重,zūnzhòng
小,xiǎo
小伙子,xiǎohuǒzi
小便,xiǎobiàn
小型,xiǎoxíng
小姐,xiǎojie
小子,xiǎozi
小学,xiǎoxué
小学生,xiǎoxuéshēng
小孩儿,xiǎoháir
小心,xiǎoxīn
小心翼翼,xiǎoxīnyìyì
小提琴,xiǎotíqín
小数,xiǎoshù
小数点,xiǎoshùdiǎn
小时,xiǎoshí
小朋友,xiǎopéngyou
小米,xiǎomǐ
小组,xiǎozǔ
小说,xiǎoshuō
小鬼,xiǎoguǐ
小麦,xiǎomài
少,shǎo
少先队,shàoxiānduì
少女,shàonǚ
少年,shàonián
少数,shǎoshù
少数民族,shǎoshùmínzú
少量,shǎoliàng
尖,jiān
尖子,jiānzi
尖端,jiānduān
尖锐,jiānruì
尘土,chéntǔ
尚,shàng
尝,cháng
尝试,chángshì
尤其,yóuqí
就,jiù
就业,jiùyè
就地,jiùdì
就是,jiùshì
就是_也_,jiùshì_yě_
就是说,jiùshìshuō
就算,jiùsuàn
就职,jiùzhí
就近,jiùjìn
就餐,jiùcān
尸体,shītǐ
尺,chǐ
尺子,chǐzi
尺寸,chǐcun
尼龙,nílóng
尽,jìn
尽力,jìnlì
尽快,jǐnkuài
尽管,jǐnguǎn
尽量,jìnliàng
尾,wěi
尾巴,wěiba
尿,niào
局,jú
局势,júshì
局部,júbù
局长,júzhǎng
局限,júxiàn
局面,júmiàn
屁,pì
屁股,pìgu
层,céng
层出不穷,céngchūbùqióng
层次,céngcì
居,jū
居住,jūzhù
居室,jūshì
居民,jūmín
居然,jūrán
屈服,qūfú
届,jiè
屋,wū
屋子,wūzi
屎,shǐ
屏障,píngzhàng
屑,xiè
展出,zhǎnchū
展开,zhǎnkāi
展望,zhǎnwàng
展现,zhǎnxiàn
展览,zhǎnlǎn
展览会,zhǎnlǎnhuì
展销,zhǎnxiāo
属,shǔ
属于,shǔyú
屠杀,túshā
屡次,lǚcì
履行,lǚxíng
屯,tún
山,shān
山冈,shāngāng
山区,shānqū
山地,shāndì
山头,shāntóu
山岭,shānlǐng
山峰,shānfēng
山水,shānshuǐ
山沟,shāngōu
山河,shānhé
山脉,shānmài
山脚,shānjiǎo
山腰,shānyāo
山谷,shāngǔ
岁,suì
岁数,suìshu
岁月,suìyuè
岂不,qǐbù
岂有此理,qǐyǒucǐlǐ
岔,chà
岗位,gǎngwèi
岛,dǎo
岛屿,dǎoyǔ
岩石,yánshí
岭,lǐng
岸,àn
峡,xiá
峡谷,xiágǔ
崇拜,chóngbài
崇敬,chóngjìng
崇高,chónggāo
崖,yá
崩溃,bēngkuì
崭新,zhǎnxīn
嵌,qiàn
川流不息,chuānliúbùxī
州,zhōu
巡逻,xúnluó
工,gōng
工业,gōngyè
工事,gōngshì
工人,gōngrén
工人阶级,gōngrénjiējí
工会,gōnghuì
工作,gōngzuò
工具,gōngjù
工具书,gōngjùshū
工厂,gōngchǎng
工地,gōngdì
工夫,gōngfu
工序,gōngxù
工程,gōngchéng
工程师,gōngchéngshī
工艺品,gōngyìpǐn
工资,gōngzī
工钱,gōngqian
工龄,gōnglíng
左,zuǒ
左右,zuǒyòu
左边,zuǒbian
巧,qiǎo
巧妙,qiǎomiào
巨大,jùdà
巩固,gǒnggù
巫婆,wūpó
差,chà
差不多,chàbuduō
差别,chābié
差异,chāyì
差点儿,chàdiǎnr
差距,chājù
差错,chācuò
已,yǐ
已经,yǐjing
巴结,bājie
巷,xiàng
币,bì
市,shì
市场,shìchǎng
市民,shìmín
市长,shìzhǎng
布,bù
布告,bùgào
布局,bùjú
布置,bùzhì
帅,shuài
帆,fān
帆船,fānchuán
师,shī
师傅,shīfu
师范,shīfàn
师长,shīzhǎng
希望,xīwàng
帐,zhàng
帘,lián
帝国,dìguó
帝国主义,dìguózhǔyì
带,dài
带儿,dàir
带动,dàidòng
带劲,dàijìn
带头,dàitóu
带领,dàilǐng
席,xí
席位,xíwèi
帮,bāng
帮助,bāngzhù
帮忙,bāngmáng
常,cháng
常务,chángwù
常常,chángcháng
常年,chángnián
常用,chángyòng
常见,chángjiàn
常规,chángguī
常识,chángshí
帽子,màozi
幅,fú
幅度,fúdù
幕,mù
幢,zhuàng
干,gàn
干净,gānjìng
干劲,gànjìn
干吗,gànmá
干扰,gānrǎo
干旱,gānhàn
干杯,gānbēi
干活儿,gànhuór
干涉,gānshè
干燥,gānzào
干线,gànxiàn
干脆,gāncuì
干部,gànbù
干预,gānyù
平,píng
平凡,píngfán
平原,píngyuán
平均,píngjūn
平坦,píngtǎn
平安,píng'ān
平常,píngcháng
平整,píngzhěng
平方,píngfāng
平日,píngrì
平时,píngshí
平民,píngmín
平稳,píngwěn
平等,píngděng
平行,píngxíng
平衡,pínghéng
平静,píngjìng
平面,píngmiàn
年,nián
年代,niándài
年头儿,niántóur
年度,niándù
年级,niánjí
年纪,niánjì
年轻,niánqīng
年青,niánqīng
年龄,niánlíng
并,bìng
并且,bìngqiě
并列,bìngliè
并存,bìngcún
并排,bìngpái
并非,bìngfēi
幸亏,xìngkuī
幸好,xìnghǎo
幸福,xìngfú
幸运,xìngyùn
幻想,huànxiǎng
幻灯,huàndēng
幼,yòu
幼儿园,yòu'éryuán
幼稚,yòuzhì
幽静,yōujìng
幽默,yōumò
广,guǎng
广告,guǎnggào
广场,guǎngchǎng
广大,guǎngdà
广播,guǎngbō
广泛,guǎngfàn
广阔,guǎngkuò
庄,zhuāng
庄严,zhuāngyán
庄稼,zhuāngjia
庄重,zhuāngzhòng
庆祝,qìngzhù
庆贺,qìnghè
床,chuáng
床位,chuángwèi
床单,chuángdān
床铺,chuángpù
序言,xùyán
库,kù
库存,kùcún
库房,kùfáng
应,yīng
应付,yīngfù
应当,yīngdāng
应用,yìngyòng
应该,yīnggāi
应邀,yìngyāo
应酬,yìngchou
底,dǐ
底片,dǐpiàn
店,diàn
店员,diànyuán
庙,miào
庞大,pángdà
废,fèi
废品,fèipǐn
废墟,fèixū
废气,fèiqì
废物,fèiwù
废话,fèihuà
废除,fèichú
度,dù
度过,dùguò
座,zuò
座位,zuòwèi
座儿,zuòr
座右铭,zuòyòumíng
座谈,zuòtán
庸俗,yōngsú
廉价,liánjià
廉政,liánzhèng
廉洁,liánjié
延伸,yánshēn
延期,yánqī
延续,yánxù
延缓,yánhuǎn
延长,yáncháng
建,jiàn
建交,jiànjiāo
建立,jiànlì
建筑,jiànzhù
建议,jiànyì
建设,jiànshè
建造,jiànzào
开,kāi
开会,kāihuì
开关,kāiguān
开刀,kāidāo
开办,kāibàn
开动,kāidòng
开化,kāihuà
开发,kāifā
开口,kāikǒu
开垦,kāikěn
开夜车,kāiyèchē
开天辟地,kāitiānpìdì
开头,kāitóu
开始,kāishǐ
开学,kāixué
开展,kāizhǎn
开工,kāigōng
开幕,kāimù
开心,kāixīn
开拓,kāituò
开支,kāizhī
开放,kāifàng
开明,kāimíng
开朗,kāilǎng
开水,kāishuǐ
开演,kāiyǎn
开玩笑,kāiwánxiào
开设,kāishè
开课,kāikè
开辟,kāipì
开采,kāicǎi
开阔,kāikuò
开除,kāichú
开饭,kāifàn
异,yì
异常,yìcháng
弄,nòng
弄虚作假,nòngxūzuòjiǎ
弊病,bìbìng
弊端,bìduān
式,shì
式样,shìyàng
弓,gōng
引,yǐn
引人注目,yǐnrénzhùmù
引入,yǐnrù
引导,yǐndǎo
引用,yǐnyòng
引诱,yǐnyòu
引起,yǐnqǐ
引进,yǐnjìn
弟兄,dìxiong
弟弟,dìdi
张,zhāng
张望,zhāngwàng
弥漫,mímàn
弥补,míbǔ
弦,xián
弯,wān
弯曲,wānqū
弱,ruò
弱点,ruòdiǎn
弹,tán
弹药,dànyào
强,qiáng
强制,qiángzhì
强化,qiánghuà
强大,qiángdà
强度,qiángdù
强烈,qiángliè
强盗,qiángdào
强盛,qiángshèng
强调,qiángdiào
强迫,qiǎngpò
归,guī
归根到底,guīgēndàodǐ
归纳,guīnà
归结,guījié
归还,guīhuán
当,dāng
当_的时候,dāng_deshíhòu
当中,dāngzhōng
当事人,dāngshìrén
当代,dāngdài
当做,dàngzuò
当初,dāngchū
当前,dāngqián
当地,dāngdi
当场,dāngchǎng
当天,dàngtiān
当家,dāngjiā
当局,dāngjú
当年,dāngnián
当心,dāngxīn
当时,dāngshí
当然,dāngrán
当选,dāngxuǎn
当面,dāngmiàn
录,lù
录像,lùxiàng
录取,lùqǔ
录用,lùyòng
录音,lùyīn
录音机,lùyīnjī
形,xíng
形势,xíngshì
形容,xíngróng
形式,xíngshì
形态,xíngtài
形成,xíngchéng
形状,xíngzhuàng
形而上学,xíng'érshàngxué
形象,xíngxiàng
彩色,cǎisè
影响,yǐngxiǎng
影子,yǐngzi
影片,yǐngpiàn
彻底,chèdǐ
彼,bǐ
彼此,bǐcǐ
往,wǎng
往事,wǎngshì
往后,wǎnghòu
往常,wǎngcháng
往年,wǎngnián
往往,wǎngwǎng
往日,wǎngrì
往来,wǎnglái
往返,wǎngfǎn
征,zhēng
征收,zhēngshōu
征服,zhēngfú
征求,zhēngqiú
待,dài
待业,dàiyè
待遇,dàiyù
很,hěn
律师,lǜshī
徐徐,xúxú
徒弟,túdi
得,děi
得不偿失,débùchángshī
得了,déliǎo
得以,déyǐ
得到,dédào
得力,délì
得很,dehěn
得意,déyì
得病,débìng
得罪,dézuì
徘徊,páihuái
循序渐进,xúnxùjiànjìn
循环,xúnhuán
微不足道,wēibùzúdào
微小,wēixiǎo
微笑,wēixiào
微观,wēiguān
德语,déyǔ
心,xīn
心中,xīnzhōng
心事,xīnshi
心头,xīntóu
心得,xīndé
心思,xīnsi
心情,xīnqíng
心意,xīnyì
心愿,xīnyuàn
心灵,xīnlíng
心爱,xīn'ài
心理,xīnlǐ
心疼,xīnténg
心目,xīnmù
心眼儿,xīnyǎnr
心脏,xīnzàng
心血,xīnxuè
心里,xīnli
必,bì
必修,bìxiū
必定,bìdìng
必将,bìjiāng
必然,bìrán
必要,bìyào
必需,bìxū
必须,bìxū
忆,yì
忌,jì
忍,rěn
忍不住,rěnbuzhù
忍受,rěnshòu
忍耐,rěnnài
志,zhì
志愿,zhìyuàn
志气,zhìqi
忘,wàng
忘却,wàngquè
忘记,wàngjì
忙,máng
忙碌,mánglù
忠于,zhōngyú
忠实,zhōngshí
忠诚,zhōngchéng
忠贞,zhōngzhēn
忧虑,yōulǜ
忧郁,yōuyù
快,kuài
快乐,kuàilè
快活,kuàihuo
快速,kuàisù
快餐,kuàicān
念,niàn
念书,niànshū
念头,niàntou
忽然,hūrán
忽略,hūlvè
忽视,hūshì
怀,huái
怀孕,huáiyùn
怀念,huáiniàn
怀疑,huáiyí
态度,tàidu
怎,zěn
怎么,zěnme
怎么样,zěnmeyàng
怎么着,zěnmezhe
怎样,zěnyàng
怒,nù
怒吼,nùhǒu
怒火,nùhuǒ
怕,pà
思,sī
思前想后,sīqiánxiǎnghòu
思念,sīniàn
思想,sīxiǎng
思潮,sīcháo
思索,sīsuǒ
思绪,sīxù
思维,sīwéi
思考,sīkǎo
怠工,dàigōng
怠慢,dàimàn
急,jí
急于,jíyú
急切,jíqiè
急剧,jíjù
急忙,jímáng
急躁,jízào
急需,jíxū
性,xìng
性别,xìngbié
性命,xìngmìng
性情,xìngqíng
性格,xìnggé
性能,xìngnéng
性质,xìngzhì
怪,guài
怪不得,guàibude
总,zǒng
总之,zǒngzhī
总共,zǒnggòng
总务,zǒngwù
总司令,zǒngsīlìng
总和,zǒnghé
总得,zǒngděi
总数,zǒngshù
总是,zǒngshì
总理,zǒnglǐ
总的来说,zǒngdeláishuō
总督,zǒngdū
总算,zǒngsuàn
总结,zǒngjié
总统,zǒngtǒng
总而言之,zǒng'éryánzhī
总计,zǒngjì
总额,zǒng'é
恋,liàn
恋爱,liàn'ài
恐怕,kǒngpà
恐怖,kǒngbù
恐惧,kǒngjù
恒星,héngxīng
恢复,huīfù
恨,hèn
恨不得,hènbude
恩,ēn
恩人,ēnrén
恩情,ēnqíng
恩爱,ēn'ài
恭敬,gōngjìng
恰到好处,qiàdàohǎochù
恰好,qiàhǎo
恰如其分,qiàrúqífèn
恰巧,qiàqiǎo
恰当,qiàdàng
恰恰,qiàqià
恳切,kěnqiè
恳求,kěnqiú
恶,è
恶劣,èliè
恶化,èhuà
恶心,ěxin
恶性,èxìng
恶毒,èdú
恼火,nǎohuǒ
悄悄,qiāoqiāo
悔,huǐ
悔恨,huǐhèn
悔改,huǐgǎi
悟,wù
悠久,yōujiǔ
患,huàn
患者,huànzhě
您,nín
悬,xuán
悬崖,xuányá
悬念,xuánniàn
悬挂,xuánguà
悲伤,bēishāng
悲剧,bēijù
悲哀,bēi'āi
悲惨,bēicǎn
悲愤,bēifèn
悲痛,bēitòng
悲观,bēiguān
悼念,dàoniàn
情,qíng
情况,qíngkuàng
情形,qíngxing
情感,qínggǎn
情报,qíngbào
情景,qíngjǐng
情理,qínglǐ
情绪,qíngxù
情节,qíngjié
惊,jīng
惊人,jīngrén
惊动,jīngdòng
惊奇,jīngqí
惊异,jīngyì
惊慌,jīnghuāng
惊讶,jīngyà
惋惜,wǎnxī
惟一,wéiyī
惟独,wéidú
惦记,diànjì
惨,cǎn
惩,chéng
惩办,chéngbàn
惩罚,chéngfá
惭愧,cánkuì
惯,guàn
惯例,guànlì
惯用语,guànyòngyǔ
想,xiǎng
想念,xiǎngniàn
想方设法,xiǎngfāngshèfǎ
想法,xiǎngfǎ
想象,xiǎngxiàng
惹,rě
愁,chóu
愈,yù
愈_愈_,yù_yù_
愉快,yúkuài
意义,yìyì
意向,yìxiàng
意味着,yìwèizhe
意图,yìtú
意外,yìwài
意志,yìzhì
意思,yìsi
意料,yìliào
意见,yìjiàn
意识,yìshi
愚昧,yúmèi
愚蠢,yúchǔn
感,gǎn
感兴趣,gǎnxìngqù
感冒,gǎnmào
感到,gǎndào
感动,gǎndòng
感化,gǎnhuà
感受,gǎnshòu
感情,gǎnqíng
感想,gǎnxiǎng
感慨,gǎnkǎi
感染,gǎnrǎn
感激,gǎnjī
感觉,gǎnjué
感谢,gǎnxiè
愣,lèng
愤怒,fènnù
愤恨,fènhèn
愿,yuàn
愿意,yuànyì
愿望,yuànwàng
慈爱,cí'ài
慈祥,cíxiáng
慌,huāng
慌乱,huāngluàn
慌张,huāngzhāng
慌忙,huāngmáng
慎重,shènzhòng
慢,màn
慢性,mànxìng
慰问,wèiwèn
慷慨,kāngkǎi
憋,biē
懂,dǒng
懂事,dǒngshì
懂得,dǒngde
懒,lǎn
懒惰,lǎnduò
戏,xì
戏剧,xìjù
成,chéng
成为,chéngwéi
成交,chéngjiāo
成人,chéngrén
成分,chéngfèn
成功,chénggōng
成千上万,chéngqiānshàngwàn
成员,chéngyuán
成品,chéngpǐn
成天,chéngtiān
成套,chéngtào
成就,chéngjiù
成心,chéngxīn
成效,chéngxiào
成本,chéngběn
成果,chéngguǒ
成熟,chéngshú
成立,chénglì
成绩,chéngjī
成语,chéngyǔ
成长,chéngzhǎng
我,wǒ
我们,wǒmen
戒严,jièyán
或,huò
或多或少,huòduōhuòshǎo
或是,huòshì
或者,huòzhě
或许,huòxǔ
战,zhàn
战争,zhànzhēng
战友,zhànyǒu
战场,zhànchǎng
战士,zhànshì
战役,zhànyì
战斗,zhàndòu
战术,zhànshù
战略,zhànlvè
战线,zhànxiàn
战胜,zhànshèng
截,jié
截止,jiézhǐ
戴,dài
户,hù
户口,hùkǒu
房东,fángdōng
房子,fángzi
房屋,fángwū
房租,fángzū
房间,fángjiān
所,suǒ
所以,suǒyǐ
所在,suǒzài
所属,suǒshǔ
所得,suǒdé
所得税,suǒdéshuì
所有,suǒyǒu
所有制,suǒyǒuzhì
所有权,suǒyǒuquán
所谓,suǒwèi
扁,biǎn
扇子,shànzi
手,shǒu
手势,shǒushì
手套,shǒutào
手工,shǒugōng
手帕,shǒupà
手指,shǒuzhǐ
手术,shǒushù
手枪,shǒuqiāng
手榴弹,shǒuliúdàn
手段,shǒuduàn
手法,shǒufǎ
手电筒,shǒudiàntǒng
手续,shǒuxù
手艺,shǒuyì
手表,shǒubiǎo
才,cái
才干,cáigàn
才智,cáizhì
才能,cáinéng
扎,zhā
扎实,zhāshi
扑,pū
扑克,pūkè
扑灭,pūmiè
扒,bā
打,dǎ
打交道,dǎjiāodào
打仗,dǎzhàng
打倒,dǎdǎo
打击,dǎjī
打发,dǎfa
打听,dǎting
打扫,dǎsǎo
打扮,dǎban
打扰,dǎrǎo
打招呼,dǎzhāohu
打架,dǎjià
打猎,dǎliè
打破,dǎpò
打算,dǎsuàn
打败,dǎbài
打量,dǎliang
打针,dǎzhēn
扔,rēng
托,tuō
托儿所,tuō'érsuǒ
扛,káng
扣,kòu
执勤,zhíqín
执政,zhízhèng
执法,zhífǎ
执照,zhízhào
执行,zhíxíng
扩充,kuòchōng
扩大,kuòdà
扩展,kuòzhǎn
扩建,kuòjiàn
扩张,kuòzhāng
扩散,kuòsàn
扫,sǎo
扫除,sǎochú
扬,yáng
扭,niǔ
扭转,niǔzhuǎn
扮,bàn
扮演,bànyǎn
扯,chě
扰乱,rǎoluàn
扳,bān
扶,fú
批,pī
批准,pīzhǔn
批判,pīpàn
批发,pīfā
批复,pīfù
批改,pīgǎi
批示,pīshì
批评,pīpíng
找,zhǎo
承办,chéngbàn
承包,chéngbāo
承受,chéngshòu
承担,chéngdān
承认,chéngrèn
技巧,jìqiǎo
技术,jìshù
技术员,jìshùyuán
技能,jìnéng
抄,chāo
抄写,chāoxiě
把,bǎ
把关,bǎguān
把戏,bǎxì
把手,bǎshou
把握,bǎwò
把柄,bǎbǐng
抑制,yìzhì
抓,zhuā
抓紧,zhuājǐn
投,tóu
投产,tóuchǎn
投入,tóurù
投掷,tóuzhì
投放,tóufàng
投机,tóujī
投机倒把,tóujīdǎobǎ
投标,tóubiāo
投票,tóupiào
投资,tóuzī
投降,tóuxiáng
抖,dǒu
抗击,kàngjī
抗战,kàngzhàn
抗旱,kànghàn
抗议,kàngyì
折,zhé
折合,zhéhé
折磨,zhémo
折腾,zhēteng
抚养,fǔyǎng
抚育,fǔyù
抛,pāo
抛弃,pāoqì
抠,kōu
抡,lūn
抢,qiǎng
抢劫,qiǎngjié
抢救,qiǎngjiù
护,hù
护士,hùshi
护照,hùzhào
报,bào
报仇,bàochóu
报刊,bàokān
报到,bàodào
报名,bàomíng
报告,bàogào
报复,bàofù
报社,bàoshè
报答,bàodá
报纸,bàozhǐ
报考,bàokǎo
报道,bàodào
报酬,bàochou
报销,bàoxiāo
披,pī
抬,tái
抱,bào
抱怨,bàoyuàn
抱歉,bàoqiàn
抱负,bàofù
抵,dǐ
抵制,dǐzhì
抵抗,dǐkàng
抵达,dǐdá
抹,mǒ
抹布,mābù
抹杀,mǒshā
押,yā
抽,chōu
抽屉,chōuti
抽空,chōukòng
抽象,chōuxiàng
拄,zhǔ
担,dān
担任,dānrèn
担保,dānbǎo
担子,dànzi
担心,dānxīn
担忧,dānyōu
担负,dānfù
拆,chāi
拉,lā
拌,bàn
拍,pāi
拍子,pāizi
拍摄,pāishè
拍照,pāizhào
拐,guǎi
拐弯儿,guǎiwānr
拒,jù
拒绝,jùjué
拔,bá
拖,tuō
拖延,tuōyán
拖拉机,tuōlājī
拘束,jūshù
拘留,jūliú
招,zhāo
招呼,zhāohu
招待,zhāodài
招待会,zhāodàihuì
招手,zhāoshǒu
招收,zhāoshōu
招生,zhāoshēng
招聘,zhāopìn
拜,bài
拜会,bàihuì
拜年,bàinián
拜访,bàifǎng
拟,nǐ
拟定,nǐdìng
拢,lǒng
拣,jiǎn
拥护,yōnghù
拥抱,yōngbào
拥挤,yōngjǐ
拥有,yōngyǒu
拦,lán
拧,nǐng
拨,bō
拨款,bōkuǎn
拱,gǒng
拳头,quántou
拴,shuān
拼,pīn
拼命,pīnmìng
拼搏,pīnbó
拽,zhuài
拾,shí
拿,ná
拿_来说,ná_láishuō
持久,chíjiǔ
持续,chíxù
挂,guà
挂号,guàhào
挂念,guàniàn
挂钩,guàgōu
指,zhǐ
指令,zhǐlìng
指出,zhǐchū
指南针,zhǐnánzhēn
指头,zhǐtou
指定,zhǐdìng
指导,zhǐdǎo
指引,zhǐyǐn
指手画脚,zhǐshǒuhuàjiǎo
指挥,zhǐhuī
指明,zhǐmíng
指望,zhǐwang
指标,zhǐbiāo
指点,zhǐdiǎn
指甲,zhǐjia
指示,zhǐshì
指针,zhǐzhēn
按,àn
按劳分配,ànláofēnpèi
按时,ànshí
按期,ànqī
按照,ànzhào
挎,kuà
挑,tiāo
挑战,tiǎozhàn
挑拨,tiǎobō
挑衅,tiǎoxìn
挑选,tiāoxuǎn
挖,wā
挖掘,wājué
挟持,xiéchí
挡,dǎng
挣,zhèng
挣扎,zhēngzhá
挤,jǐ
挥,huī
挥霍,huīhuò
挨,āi
挪,nuó
挫折,cuòzhé
振,zhèn
振兴,zhènxīng
振动,zhèndòng
振奋,zhènfèn
挺,tǐng
挺拔,tǐngbá
挺立,tǐnglì
挽,wǎn
挽救,wǎnjiù
捅,tǒng
捆,kǔn
捉,zhuō
捌,bā
捍卫,hànwèi
捎,shāo
捏,niē
捏造,niēzào
捐,juān
捐款,juānkuǎn
捐献,juānxiàn
捐赠,juānzèng
捕,bǔ
捕捉,bǔzhuō
捕捞,bǔlāo
捞,lāo
损,sǔn
损人利己,sǔnrénlìjǐ
损伤,sǔnshāng
损坏,sǔnhuài
损失,sǔnshī
损害,sǔnhài
损耗,sǔnhào
捡,jiǎn
换,huàn
换取,huànqǔ
捣,dǎo
捣乱,dǎoluàn
捣蛋,dǎodàn
捧,pěng
据,jù
据悉,jùxī
据点,jùdiǎn
据说,jùshuō
捶,chuí
捻,niǎn
掀,xiān
掀起,xiānqǐ
掂,diān
授,shòu
授予,shòuyǔ
掉,diào
掌,zhǎng
掌声,zhǎngshēng
掌握,zhǎngwò
掌管,zhǎngguǎn
掏,tāo
掐,qiā
排,pái
排列,páiliè
排挤,páijǐ
排斥,páichì
排球,páiqiú
排长,páizhǎng
排队,páiduì
排除,páichú
掘,jué
掠夺,lvèduó
探,tàn
探亲,tànqīn
探头探脑,tàntóutànnǎo
探望,tànwàng
探测,tàncè
探索,tànsuǒ
探讨,tàntǎo
接,jiē
接二连三,jiē'èrliánsān
接到,jiēdào
接受,jiēshòu
接待,jiēdài
接收,jiēshōu
接洽,jiēqià
接班,jiēbān
接着,jiēzhe
接见,jiējiàn
接触,jiēchù
接近,jiējìn
接连,jiēlián
控制,kòngzhì
控诉,kòngsù
推,tuī
推动,tuīdòng
推广,tuīguǎng
推来推去,tuīláituīqù
推测,tuīcè
推理,tuīlǐ
推算,tuīsuàn
推翻,tuīfān
推荐,tuījiàn
推行,tuīxíng
推论,tuīlùn
推辞,tuīcí
推进,tuījìn
推迟,tuīchí
推选,tuīxuǎn
推销,tuīxiāo
掩,yǎn
掩护,yǎnhù
掩盖,yǎngài
掩饰,yǎnshì
措施,cuòshī
掰,bāi
掷,zhì
掺,chān
揉,róu
揍,zòu
描,miáo
描写,miáoxiě
描绘,miáohuì
描述,miáoshù
提,tí
提交,tíjiāo
提供,tígōng
提倡,tíchàng
提前,tíqián
提包,tíbāo
提升,tíshēng
提取,tíqǔ
提名,tímíng
提心吊胆,tíxīndiàodǎn
提拔,tíbá
提早,tízǎo
提案,tí'àn
提炼,tíliàn
提示,tíshì
提纲,tígāng
提要,tíyào
提议,tíyì
提醒,tíxǐng
提问,tíwèn
提高,tígāo
插,chā
插嘴,chāzuǐ
插秧,chāyāng
握,wò
握手,wòshǒu
揪,jiū
揭,jiē
揭发,jiēfā
揭示,jiēshì
揭露,jiēlù
援助,yuánzhù
搀,chān
搁,gē
搂,lǒu
搅,jiǎo
搅拌,jiǎobàn
搏斗,bódòu
搓,cuō
搜,sōu
搜查,sōuchá
搜索,sōusuǒ
搜集,sōují
搞,gǎo
搞活,gǎohuó
搞鬼,gǎoguǐ
搬,bān
搬运,bānyùn
搭,dā
搭配,dāpèi
携带,xiédài
摄,shè
摄影,shèyǐng
摄氏,Shèshì
摆,bǎi
摆动,bǎidòng
摆脱,bǎituō
摇,yáo
摇摆,yáobǎi
摇晃,yáohuang
摊,tān
摔,shuāi
摘,zhāi
摘要,zhāiyào
摧残,cuīcán
摧毁,cuīhuǐ
摩托车,mótuōchē
摩擦,mócā
摸,mō
摸索,mōsuo
撇,piē
撑,chēng
撒,sā
撒谎,sāhuǎng
撕,sī
撞,zhuàng
撤,chè
撤退,chètuì
撤销,chèxiāo
播,bō
播放,bōfàng
播种,bōzhòng
播送,bōsòng
播音,bōyīn
撵,niǎn
擅自,shànzì
擅长,shàncháng
操,cāo
操作,cāozuò
操劳,cāoláo
操场,cāochǎng
操心,cāoxīn
操纵,cāozòng
操练,cāoliàn
擦,cā
攀,pān
攀登,pāndēng
攒,zǎn
支,zhī
支付,zhīfù
支出,zhīchū
支持,zhīchí
支援,zhīyuán
支撑,zhīchēng
支柱,zhīzhù
支票,zhīpiào
支部,zhībù
支配,zhīpèi
收,shōu
收买,shōumǎi
收入,shōurù
收割,shōugē
收回,shōuhuí
收复,shōufù
收成,shōucheng
收拾,shōushi
收支,shōuzhī
收益,shōuyì
收缩,shōusuō
收获,shōuhuò
收藏,shōucáng
收购,shōugòu
收集,shōují
收音机,shōuyīnjī
改,gǎi
改变,gǎibiàn
改善,gǎishàn
改建,gǎijiàn
改正,gǎizhèng
改组,gǎizǔ
改编,gǎibiān
改良,gǎiliáng
改进,gǎijìn
改造,gǎizào
改邪归正,gǎixiéguīzhèng
改革,gǎigé
攻,gōng
攻克,gōngkè
攻关,gōngguān
攻击,gōngjī
攻读,gōngdú
放,fàng
放假,fàngjià
放大,fàngdà
放学,fàngxué
放射,fàngshè
放弃,fàngqì
放心,fàngxīn
放手,fàngshǒu
放映,fàngyìng
放松,fàngsōng
政党,zhèngdǎng
政协,zhèngxié
政变,zhèngbiàn
政府,zhèngfǔ
政权,zhèngquán
政治,zhèngzhì
政策,zhèngcè
故,gù
故乡,gùxiāng
故事,gùshi
故宫,gùgōng
故意,gùyì
故障,gùzhàng
效力,xiàolì
效果,xiàoguǒ
效率,xiàolǜ
效益,xiàoyì
敌,dí
敌人,dírén
敌对,díduì
敌视,díshì
敏感,mǐngǎn
敏捷,mǐnjié
敏锐,mǐnruì
救,jiù
救济,jiùjì
救灾,jiùzāi
教,jiāo
教会,jiàohuì
教养,jiàoyǎng
教员,jiàoyuán
教唆,jiàosuō
教堂,jiàotáng
教学,jiàoxué
教室,jiàoshì
教导,jiàodǎo
教师,jiàoshī
教授,jiàoshòu
教材,jiàocái
教条,jiàotiáo
教研室,jiàoyánshì
教练,jiàoliàn
教育,jiàoyù
教训,jiàoxun
敞开,chǎngkāi
敢,gǎn
敢于,gǎnyú
散,sàn
散发,sànfā
散布,sànbù
散文,sǎnwén
散步,sànbù
敬,jìng
敬爱,jìng'ài
敬礼,jìnglǐ
敬而远之,jìng'éryuǎnzhī
敬酒,jìngjiǔ
数,shǔ
数字,shùzì
数学,shùxué
数据,shùjù
数目,shùmù
数量,shùliàng
数额,shù'é
敲,qiāo
整,zhěng
整个,zhěnggè
整体,zhěngtǐ
整天,zhěngtiān
整数,zhěngshù
整整,zhěngzhěng
整洁,zhěngjié
整理,zhěnglǐ
整顿,zhěngdùn
整风,zhěngfēng
整齐,zhěngqí
敷衍,fūyǎn
文,wén
文人,wénrén
文件,wénjiàn
文凭,wénpíng
文化,wénhuà
文字,wénzì
文学,wénxué
文学家,wénxuéjiā
文明,wénmíng
文物,wénwù
文献,wénxiàn
文盲,wénmáng
文章,wénzhāng
文艺,wényì
文言,wényán
文雅,wényǎ
斑,bān
斗,dòu
斗争,dòuzhēng
斗志,dòuzhì
料,liào
斜,xié
斤,jīn
斧子,fǔzi
斩,zhǎn
斩草除根,zhǎncǎochúgēn
斩钉截铁,zhǎndīngjiétiě
断,duàn
断定,duàndìng
断断续续,duànduànxùxù
断绝,duànjué
斯文,sīwen
新,xīn
新人,xīnrén
新兴,xīnxīng
新型,xīnxíng
新娘,xīnniáng
新年,xīnnián
新式,xīnshì
新房,xīnfáng
新生,xīnshēng
新近,xīnjìn
新郎,xīnláng
新闻,xīnwén
新陈代谢,xīnchéndàixiè
新颖,xīnyǐng
新鲜,xīnxiān
方,fāng
方便,fāngbiàn
方向,fāngxiàng
方式,fāngshì
方案,fāng'àn
方法,fāngfǎ
方程,fāngchéng
方针,fāngzhēn
方面,fāngmiàn
施,shī
施加,shījiā
施展,shīzhǎn
施工,shīgōng
施肥,shīféi
施行,shīxíng
旁,páng
旁边,pángbiān
旅,lǚ
旅客,lǚkè
旅店,lǚdiàn
旅游,lǚyóu
旅游业,lǚyóuyè
旅行,lǚxíng
旅途,lǚtú
旅馆,lǚguǎn
旋,xuán
旋律,xuánlǜ
旋转,xuánzhuǎn
族,zú
旗号,qíhào
旗子,qízi
旗帜,qízhì
旗袍,qípáo
无,wú
无产阶级,wúchǎnjiējí
无从,wúcóng
无偿,wúcháng
无可奈何,wúkěnàihé
无可奉告,wúkěfènggào
无微不至,wúwēibùzhì
无情,wúqíng
无情无义,wúqíngwúyì
无意,wúyì
无所作为,wúsuǒzuòwéi
无所谓,wúsuǒwèi
无效,wúxiào
无数,wúshù
无比,wúbǐ
无法,wúfǎ
无理,wúlǐ
无疑,wúyí
无知,wúzhī
无穷,wúqióng
无线电,wúxiàndiàn
无耻,wúchǐ
无聊,wúliáo
无能为力,wúnéngwéilì
无论,wúlùn
无论如何,wúlùnrúhé
无话可说,wúhuàkěshuō
无限,wúxiàn
无非,wúfēi
既,jì
既_也_,jì_yě_
既_又_,jì_yòu_
既然,jìrán
日,rì
日元,Rìyuán
日光,rìguāng
日夜,rìyè
日子,rìzi
日常,rìcháng
日报,rìbào
日期,rìqī
日用,rìyòng
日用品,rìyòngpǐn
日益,rìyì
日程,rìchéng
日记,rìjì
日语,rìyǔ
旧,jiù
早,zǎo
早已,zǎoyǐ
早日,zǎorì
早晚,zǎowǎn
早晨,zǎochen
早期,zǎoqī
早点,zǎodiǎn
早饭,zǎofàn
旱,hàn
旱灾,hànzāi
时,shí
时事,shíshì
时代,shídài
时候,shíhou
时光,shíguāng
时刻,shíkè
时常,shícháng
时时,shíshí
时期,shíqī
时机,shíjī
时而,shí'ér
时节,shíjié
时装,shízhuāng
时间,shíjiān
时髦,shímáo
旷工,kuànggōng
旷课,kuàngkè
昂扬,ángyáng
昂贵,ángguì
昆虫,kūnchóng
昌盛,chāngshèng
明亮,míngliàng
明信片,míngxìnpiàn
明天,míngtiān
明年,míngnián
明明,míngmíng
明星,Míngxīng
明显,míngxiǎn
明白,míngbai
明确,míngquè
昏,hūn
昏迷,hūnmí
易,yì
星,xīng
星星,xīngxing
星期,xīngqī
星期日,xīngqīrì
映,yìng
春,chūn
春天,chūntiān
春季,chūnjì
春耕,chūngēng
春节,chūnjié
昨天,zuótiān
是,shì
是否,shìfǒu
是的,shìde
是非,shìfēi
昼夜,zhòuyè
显,xiǎn
显得,xiǎnde
显微镜,xiǎnwēijìng
显然,xiǎnrán
显示,xiǎnshì
显而易见,xiǎn'éryìjiàn
显著,xiǎnzhù
晃,huàng
晋升,jìnshēng
晌午,shǎngwu
晒,shài
晓得,xiǎodé
晕,yūn
晚,wǎn
晚上,wǎnshang
晚会,wǎnhuì
晚年,wǎnnián
晚报,wǎnbào
晚餐,wǎncān
晚饭,wǎnfàn
普及,pǔjí
普查,pǔchá
普通,pǔtōng
普通话,Pǔtōnghuà
普遍,pǔbiàn
景,jǐng
景物,jǐngwù
景色,jǐngsè
景象,jǐngxiàng
晴,qíng
晴天,qíngtiān
晴朗,qínglǎng
智力,zhìlì
智慧,zhìhuì
智能,zhìnéng
晾,liàng
暂,zàn
暂且,zànqiě
暂时,zànshí
暑假,shǔjià
暖,nuǎn
暖和,nuǎnhuo
暖气,nuǎnqì
暗,àn
暗中,ànzhōng
暗暗,àn'àn
暗杀,ànshā
暗淡,àndàn
暗示,ànshì
暴力,bàolì
暴动,bàodòng
暴雨,bàoyǔ
暴露,bàolù
暴风骤雨,bàofēngzhòuyǔ
曰,yuē
曲子,qǔzi
曲折,qūzhé
曲线,qūxiàn
更,gèng
更加,gèngjiā
更换,gēnghuàn
更改,gēnggǎi
更新,gēngxīn
更正,gēngzhèng
曾,céng
曾经,céngjīng
替,tì
替代,tìdài
替换,tìhuan
最,zuì
最初,zuìchū
最后,zuìhòu
最好,zuìhǎo
最近,zuìjìn
月,yuè
月亮,yuèliang
月份,yuèfèn
月光,yuèguāng
月球,yuèqiú
有,yǒu
有一些,yǒuyīxiē
有两下子,yǒuliǎngxiàzi
有些,yǒuxiē
有关,yǒuguān
有利,yǒulì
有力,yǒulì
有口无心,yǒukǒuwúxīn
有名,yǒumíng
有声有色,yǒushēngyǒusè
有害,yǒuhài
有待,yǒudài
有意,yǒuyì
有意思,yǒuyìsi
有效,yǒuxiào
有时,yǒushí
有时候,yǒushíhou
有机,yǒujī
有点儿,yǒudiǎnr
有用,yǒuyòng
有的,yǒude
有的是,yǒudeshì
有益,yǒuyì
有趣,yǒuqù
有限,yǒuxiàn
朋友,péngyou
服,fú
服从,fúcóng
服务,fúwù
服务员,fúwùyuán
服气,fúqì
服装,fúzhuāng
朗诵,lǎngsòng
朗读,lǎngdú
望,wàng
望远镜,wàngyuǎnjìng
朝,cháo
朝三暮四,zhāosānmùsì
朝代,cháodài
朝气,zhāoqì
朝气蓬勃,zhāoqìpéngbó
期,qī
期刊,qīkān
期待,qīdài
期望,qīwàng
期间,qījiān
期限,qīxiàn
木,mù
木匠,mùjiang
木头,mùtou
木材,mùcái
未,wèi
未免,wèimiǎn
未必,wèibì
未来,wèilái
末,mò
本,běn
本事,běnshi
本人,běnrén
本子,běnzi
本性,běnxìng
本来,běnlái
本着,běnzhe
本能,běnnéng
本质,běnzhì
本身,běnshēn
本钱,běnqian
本领,běnlǐng
朴实,pǔshí
朴素,pǔsù
朵,duǒ
机,jī
机会,jīhuì
机体,jītǐ
机关,jīguān
机动,jīdòng
机器,jīqì
机场,jīchǎng
机密,jīmì
机床,jīchuáng
机智,jīzhì
机构,jīgòu
机枪,jīqiāng
机械,jīxiè
机灵,jīling
机车,jīchē
机遇,jīyù
杀,shā
杀害,shāhài
杂乱,záluàn
杂交,zájiāo
杂志,zázhì
杂技,zájì
杂文,záwén
杂质,zázhì
权,quán
权利,quánlì
权力,quánlì
权威,quánwēi
权益,quányì
权限,quánxiàn
杆,gān
杏,xìng
材料,cáiliào
村子,cūnzi
村庄,cūnzhuāng
杜绝,dùjué
束,shù
束缚,shùfù
杠杆,gànggǎn
条,tiáo
条件,tiáojiàn
条例,tiáolì
条子,tiáozi
条文,tiáowén
条款,tiáokuǎn
条理,tiáolǐ
条约,tiáoyuē
来,lái
来不及,láibují
来临,láilín
来信,láixìn
来历,láilì
来回,láihuí
来回来去,láihuíláiqù
来客,láikè
来宾,láibīn
来年,láinián
来往,láiwǎng
来得及,láidejí
来源,láiyuán
来自,láizì
来访,láifǎng
杨树,yángshù
杯,bēi
杯子,bēizi
杰作,jiézuò
杰出,jiéchū
松,sōng
松树,sōngshù
板,bǎn
极,jí
极其,jíqí
极力,jílì
极度,jídù
极端,jíduān
极限,jíxiàn
构思,gòusī
构想,gòuxiǎng
构成,gòuchéng
构造,gòuzào
枕头,zhěntou
林业,línyè
林区,línqū
林场,línchǎng
枚,méi
果实,guǒshí
果断,guǒduàn
果树,guǒshù
果然,guǒrán
枝,zhī
枣,zǎo
枪,qiāng
枪毙,qiāngbì
枯,kū
枯燥,kūzào
架,jià
架子,jiàzi
柄,bǐng
柏树,bǎishù
某,mǒu
某些,mǒuxiē
柒,qī
染,rǎn
染料,rǎnliào
柔和,róuhé
柔软,róuruǎn
柜台,guìtái
柜子,guìzi
柠檬,níngméng
查,chá
查处,cháchǔ
查明,chámíng
查获,cháhuò
查阅,cháyuè
柱子,zhùzi
柳树,liǔshù
柴油,cháiyóu
标,biāo
标准,biāozhǔn
标志,biāozhì
标本,biāoběn
标点,biāodiǎn
标语,biāoyǔ
标题,biāotí
栋,dòng
栏杆,lángān
树,shù
树干,shùgàn
树木,shùmù
树林,shùlín
树立,shùlì
栗子,lìzi
校园,xiàoyuán
校徽,xiàohuī
校长,xiàozhǎng
株,zhū
样,yàng
样品,yàngpǐn
样子,yàngzi
核,hé
核心,héxīn
核桃,hétao
核武器,héwǔqì
根,gēn
根据,gēnjù
根据地,gēnjùdì
根本,gēnběn
根深蒂固,gēnshēndìgù
根源,gēnyuán
格,gé
格外,géwài
格局,géjú
格式,géshi
格格不入,gégébùrù
栽,zāi
栽培,zāipéi
栽种,zāizhòng
桂冠,guìguān
桃,táo
桃花,táohuā
桅杆,wéigān
框,kuàng
案,àn
案件,ànjiàn
案情,ànqíng
桌子,zhuōzi
桑树,sāngshù
档案,dàng'àn
档次,dàngcì
桥,qiáo
桥梁,qiáoliáng
桨,jiǎng
桩,zhuāng
桶,tǒng
梁,liáng
梅花,méihuā
梗,gěng
梢,shāo
梦,mèng
梦想,mèngxiǎng
梧桐,wútóng
梨,lí
梳,shū
梳子,shūzi
检举,jiǎnjǔ
检修,jiǎnxiū
检察,jiǎnchá
检查,jiǎnchá
检测,jiǎncè
检讨,jiǎntǎo
检验,jiǎnyàn
棉,mián
棉花,miánhua
棉衣,miányī
棋,qí
棍子,gùnzi
棒,bàng
棒球,bàngqiú
棕色,zōngsè
棚,péng
森林,sēnlín
棱,léng
棵,kē
棺材,guāncai
椅子,yǐzi
植,zhí
植物,zhíwù
椭圆,tuǒyuán
楼,lóu
楼房,lóufáng
楼梯,lóutī
楼道,lóudào
概况,gàikuàng
概念,gàiniàn
概括,gàikuò
榆树,yúshù
榜样,bǎngyàng
榨,zhà
槐树,huáishù
槽,cáo
模仿,mófǎng
模型,móxíng
模式,móshì
模样,múyàng
模糊,móhu
模范,mófàn
横,héng
横行,héngxíng
樱花,yīnghuā
橘子,júzi
橡皮,xiàngpí
橡胶,xiàngjiāo
欠,qiàn
次,cì
次品,cìpǐn
次序,cìxù
次数,cìshù
次要,cìyao
欢乐,huānlè
欢呼,huānhū
欢喜,huānxǐ
欢笑,huānxiào
欢迎,huānyíng
欢送,huānsòng
欣欣向荣,xīnxīnxiàngróng
欣赏,xīnshǎng
欲,yù
欲望,yùwàng
欺负,qīfu
欺骗,qīpiàn
款,kuǎn
款待,kuǎndài
歇,xiē
歉意,qiànyì
歌,gēge
歌剧,gējù
歌咏,gēyǒng
歌唱,gēchàng
歌手,gēshǒu
歌星,gēxīng
歌曲,gēqǔ
歌颂,gēsòng
止,zhǐ
正,zhèng
正义,zhèngyì
正在,zhèngzài
正好,zhènghǎo
正巧,zhèngqiǎo
正常,zhèngcháng
正式,zhèngshì
正当,zhèngdāng
正月,zhēngyuè
正比,zhèngbǐ
正气,zhèngqì
正确,zhèngquè
正经,zhèngjing
正规,zhèngguī
正面,zhèngmiàn
此,cǐ
此刻,cǐkè
此后,cǐhòu
此外,cǐwài
此时,cǐshí
步,bù
步伐,bùfá
步兵,bùbīng
步子,bùzi
步行,bùxíng
步骤,bùzhòu
武力,wǔlì
武器,wǔqì
武术,wǔshù
武装,wǔzhuāng
歧视,qíshì
歪,wāi
歪曲,wāiqū
歹徒,dǎitú
死,sǐ
死亡,sǐwáng
死刑,sǐxíng
歼灭,jiānmiè
残,cán
残余,cányú
残忍,cánrěn
残暴,cánbào
残疾,cánjí
残酷,cánkù
殖民主义,zhímínzhǔyì
殖民地,zhímíndì
殴打,ōudǎ
段,duàn
殿,diàn
毁,huǐ
毁坏,huǐhuài
毁灭,huǐmiè
毅力,yìlì
毅然,yìrán
母,mǔ
母亲,mǔqīn
每,měi
毒,dú
毒品,dúpǐn
毒害,dúhài
毒性,dúxìng
比,bǐ
比价,bǐjià
比例,bǐlì
比分,bǐfēn
比喻,bǐyù
比如,bǐrú
比方,bǐfang
比赛,bǐsài
比较,bǐjiào
比重,bǐzhòng
毕业,bìyè
毕竟,bìjìng
毛,máo
毛巾,máojīn
毛泽东思想,máozédōngSīxiǎng
毛病,máobing
毛笔,máobǐ
毛线,máoxiàn
毫不,háobù
毫无,háowú
毫米,háomǐ
毯子,tǎnzi
民主,mínzhǔ
民事,mínshì
民众,mínzhòng
民兵,mínbīng
民意,mínyì
民族,mínzú
民用,mínyòng
民航,mínháng
民间,mínjiān
气,qì
气体,qìtǐ
气候,qìhòu
气力,qìlì
气功,qìgōng
气势,qìshì
气压,qìyā
气味,qìwèi
气喘,qìchuǎn
气息,qìxī
气愤,qìfèn
气概,qìgài
气氛,qìfēn
气流,qìliú
气温,qìwēn
气球,qìqiú
气象,qìxiàng
气魄,qìpò
氢,qīng
氧,yǎng
氧化,yǎnghuà
氧气,yǎngqì
氮,dàn
水,shuǐ
水产,shuǐchǎn
水分,shuǐfèn
水利,shuǐlì
水力,shuǐlì
水土,shuǐtǔ
水平,shuǐpíng
水库,shuǐkù
水果,shuǐguǒ
水泥,shuǐní
水源,shuǐyuán
水灾,shuǐzāi
水电,shuǐdiàn
水稻,shuǐdào
水蒸气,shuǐzhēngqì
永久,yǒngjiǔ
永垂不朽,yǒngchuíbùxiǔ
永远,yǒngyuǎn
汁,zhī
求,qiú
求得,qiúdé
汇,huì
汇报,huìbào
汇款,huìkuǎn
汇率,huìlǜ
汇集,huìjí
汉奸,Hànjiān
汉字,hànzì
汉学,Hànxué
汉语,hànyǔ
汗,hàn
汞,gǒng
江,jiāng
池,chí
池塘,chítáng
污,wū
污染,wūrǎn
污蔑,wūmiè
汤,tāng
汪洋,wāngyáng
汹涌,xiōngyǒng
汽,qì
汽水,qìshuǐ
汽油,qìyóu
汽船,qìchuán
汽车,qìchē
沉,chén
沉思,chénsī
沉淀,chéndiàn
沉痛,chéntòng
沉着,chénzhuó
沉重,chénzhòng
沉闷,chénmèn
沉静,chénjìng
沉默,chénmò
沏,qī
沙,shā
沙发,shāfā
沙土,shātǔ
沙子,shāzi
沙滩,shātān
沙漠,shāmò
沟,gōu
沟通,gōutōng
没,méi
没事儿,méishìr
没什么,méishénme
没关系,méiguānxi
没吃没穿,méichīméichuān
没意思,méiyìsi
没有,méiyǒu
没用,méiyòng
没说的,méishuōde
没辙,méizhé
没错,méicuò
沥青,lìqīng
河,hé
河流,héliú
河道,hédào
沸腾,fèiténg
油,yóu
油料,yóuliào
油漆,yóuqī
油田,yóutián
油画,yóuhuà
油菜,yóucài
治,zhì
治安,zhì'ān
治理,zhìlǐ
治疗,zhìliáo
沼泽,zhǎozé
沾,zhān
沾光,zhānguāng
沿,yán
沿儿,yánr
沿岸,yán'àn
沿海,yánhǎi
沿途,yántú
泄,xiè
泄气,xièqì
泄露,xièlòu
泉,quán
法,fǎ
法人,fǎrén
法令,fǎlìng
法则,fǎzé
法制,fǎzhì
法子,fǎzi
法官,fǎguān
法定,fǎdìng
法庭,fǎtíng
法律,fǎlǜ
法西斯,fǎxīsī
法规,fǎguī
法语,fǎyǔ
法郎,fǎláng
法院,fǎyuàn
泛,fàn
泛滥,fànlàn
泡,pào
泡沫,pàomò
波动,bōdòng
波浪,bōlàng
波涛,bōtāo
泥,ní
泥土,nítǔ
注册,zhùcè
注射,zhùshè
注意,zhùyì
注目,zhùmù
注视,zhùshì
注解,zhùjiě
注释,zhùshì
注重,zhùzhòng
泰然,tàirán
泻,xiè
泼,pō
洁白,jiébái
洋,yáng
洒,sǎ
洗,xǐ
洗涤,xǐdí
洗澡,xǐzǎo
洗衣机,xǐyījī
洞,dòng
津津有味,jīnjīnyǒuwèi
津贴,jīntiē
洪水,hóngshuǐ
洲,zhōu
活,huó
活儿,huór
活力,huólì
活动,huódòng
活泼,huópo
活该,huógāi
活跃,huóyuè
洽谈,qiàtán
派,pài
派出所,pàichūsuǒ
派别,pàibié
派遣,pàiqiǎn
流,liú
流传,liúchuán
流利,liúlì
流动,liúdòng
流域,liúyù
流寇,liúkòu
流氓,liúmáng
流水,liúshuǐ
流浪,liúlàng
流行,liúxíng
流通,liútōng
流露,liúlù
浅,qiǎn
浇,jiāo
浇灌,jiāoguàn
测,cè
测定,cèdìng
测算,cèsuàn
测试,cèshì
测量,cèliáng
测验,cèyàn
浑身,húnshēn
浓,nóng
浓厚,nónghòu
浓度,nóngdù
浩浩荡荡,hàohaodàngdàng
浪,làng
浪漫,làngmàn
浪潮,làngcháo
浪费,làngfèi
浮,fú
浮动,fúdòng
浮雕,fúdiāo
浴室,yùshì
海,hǎi
海关,hǎiguān
海军,hǎijūn
海外,hǎiwài
海岸,hǎi'àn
海峡,hǎixiá
海拔,hǎibá
海洋,hǎiyáng
海港,hǎigǎng
海滨,hǎibīn
海面,hǎimiàn
浸,jìn
涂,tú
消,xiāo
消化,xiāohuà
消失,xiāoshī
消息,xiāoxi
消极,xiāojí
消毒,xiāodú
消灭,xiāomiè
消耗,xiāohào
消费,xiāofèi
消除,xiāochú
涉及,shèjí
涉外,shèwài
涌,yǒng
涌现,yǒngxiàn
涝,lào
涨,zhǎng
涨价,zhǎngjià
液,yè
液体,yètǐ
淀粉,diànfěn
淋,lín
淘气,táoqì
淘汰,táotài
淡,dàn
淡季,dànjì
淡水,dànshuǐ
淫秽,yínhuì
深,shēn
深信,shēnxìn
深入,shēnrù
深切,shēnqiè
深刻,shēnkè
深化,shēnhuà
深厚,shēnhòu
深处,shēnchù
深夜,shēnyè
深奥,shēn'ào
深度,shēndù
深情,shēnqíng
深沉,shēnchén
深浅,shēnqiǎn
深远,shēnyuǎn
深重,shēnzhòng
混,hùn
混乱,hùnluàn
混凝土,hùnníngtǔ
混合,hùnhé
混合物,hùnhéwù
混浊,hùnzhuó
混淆,hùnxiáo
混纺,hùnfǎng
淹,yān
淹没,yānmò
添,tiān
清,qīng
清新,qīngxīn
清早,qīngzǎo
清晨,qīngchén
清晰,qīngxī
清查,qīngchá
清楚,qīngchu
清洁,qīngjié
清理,qīnglǐ
清真寺,Qīngzhēnsì
清醒,qīngxǐng
清除,qīngchú
渐,jiàn
渐渐,jiànjiàn
渔业,yúyè
渔民,yúmín
渗,shèn
渗透,shèntòu
渠,qú
渠道,qúdào
渡,dù
渡口,dùkǒu
渡船,dùchuán
渣,zhā
温,wēn
温和,wēnhé
温带,wēndài
温度,wēndù
温度计,wēndùjì
温暖,wēnnuǎn
温柔,wēnróu
港,gǎng
港口,gǎngkǒu
港币,Gǎngbì
渴,kě
渴望,kěwàng
游,yóu
游人,yóurén
游击,yóujī
游客,yóukè
游戏,yóuxì
游泳,yóuyǒng
游泳池,yóuyǒngchí
游行,yóuxíng
游览,yóulǎn
渺小,miǎoxiǎo
湖,hú
湾,wān
湿,shī
湿度,shīdù
湿润,shīrùn
溅,jiàn
源,yuán
源泉,yuánquán
溜,liū
溪,xī
溶,róng
溶化,rónghuà
溶液,róngyè
溶解,róngjiě
滋味,zīwèi
滋长,zīzhǎng
滑,huá
滑冰,huábīng
滑雪,huáxuě
滔滔不绝,tāotāobùjué
滚,gǔn
滚动,gǔndòng
满,mǎn
满怀,mǎnhuái
满意,mǎnyì
满月,mǎnyuè
满腔,mǎnqiāng
满足,mǎnzú
滩,tān
滴,dī
漂,piāo
漂亮,piàoliang
漆,qī
漆黑,qīhēi
漏,lòu
漏税,lòushuì
演,yǎn
演习,yǎnxí
演出,yǎnchū
演变,yǎnbiàn
演员,yǎnyuán
演唱,yǎnchàng
演奏,yǎnzòu
演算,yǎnsuàn
演讲,yǎnjiǎng
演说,yǎnshuō
漫长,màncháng
潜伏,qiánfú
潜力,qiánlì
潦草,liáocǎo
潭,tán
潮,cháo
潮流,cháoliú
潮湿,cháoshī
澄清,chéngqīng
激,jī
激光,jīguāng
激动,jīdòng
激励,jīlì
激发,jīfā
激情,jīqíng
激烈,jīliè
激素,jīsù
瀑布,pùbù
灌,guàn
灌木,guànmù
灌溉,guàngài
火,huǒ
火力,huǒlì
火山,huǒshān
火柴,huǒchái
火灾,huǒzāi
火焰,huǒyàn
火箭,huǒjiàn
火药,huǒyào
火车,huǒchē
灭,miè
灭亡,mièwáng
灯,dēng
灯泡,dēngpào
灯火,dēnghuǒ
灯笼,dēnglong
灰,huī
灰尘,huīchén
灰心,huīxīn
灵,líng
灵巧,língqiǎo
灵敏,língmǐn
灵活,línghuó
灵魂,línghún
灶,zào
灾,zāi
灾害,zāihài
灾荒,zāihuāng
灾难,zāinàn
灿烂,cànlàn
炉子,lúzi
炊事员,chuīshìyuán
炎热,yánrè
炒,chǎo
炕,kàng
炭,tàn
炮,pào
炮弹,pàodàn
炮火,pàohuǒ
炸,zhà
炸弹,zhàdàn
炸药,zhàyào
点,diǎn
点名,diǎnmíng
点子,diǎnzi
点心,diǎnxin
点火,diǎnhuǒ
点燃,diǎnrán
点缀,diǎnzhui
点钟,diǎnzhōng
炼,liàn
烂,làn
烈士,lièshì
烈火,lièhuǒ
烘,hōng
烟,yān
烟卷儿,yānjuǎnr
烟囱,yāncōng
烟草,yāncǎo
烟雾,yānwù
烤,kǎo
烦,fán
烦恼,fánnǎo
烦躁,fánzào
烦闷,fánmèn
烧,shāo
烧毁,shāohuǐ
烧饼,shāobing
烫,tàng
热,rè
热带,rèdài
热心,rèxīn
热情,rèqíng
热水瓶,rèshuǐpíng
热泪盈眶,rèlèiyíngkuàng
热潮,rècháo
热烈,rèliè
热爱,rè'ài
热量,rèliàng
热闹,rènao
烹调,pēngtiáo
烹饪,pēngrèn
焊,hàn
焦急,jiāojí
焦炭,jiāotàn
焦点,jiāodiǎn
然后,ránhòu
然而,rán'ér
煎,jiān
煤,méi
煤气,méiqì
照,zhào
照会,zhàohuì
照例,zhàolì
照射,zhàoshè
照常,zhàocháng
照应,zhàoying
照料,zhàoliào
照旧,zhàojiù
照明,zhàomíng
照样,zhàoyàng
照片,zhàopiàn
照相,zhàoxiàng
照相机,zhàoxiàngjī
照耀,zhàoyào
照顾,zhàogù
煮,zhǔ
熄,xī
熄灭,xīmiè
熊,xióng
熊猫,xióngmāo
熏,xūn
熔,róng
熟,shú
熟悉,shúxī
熟练,shúliàn
熬,áo
燃,rán
燃料,ránliào
燃烧,ránshāo
燕子,yànzi
爆,bào
爆发,bàofā
爆炸,bàozhà
爆破,bàopò
爆竹,bàozhú
爪,zhuǎ
爬,pá
爱,ài
爱人,àiren
爱好,àihào
爱情,àiqíng
爱惜,àixī
爱戴,àidài
爱护,àihù
爱面子,àimiànzi
父亲,fùqīn
爷爷,yéye
爸爸,bàba
爹,diē
爽快,shuǎngkuai
片,piàn
片刻,piànkè
片面,piànmiàn
版,bǎn
牌,pái
牌子,páizi
牙,yá
牙刷,yáshuā
牙膏,yágāo
牙齿,yáchǐ
牛,niú
牛奶,niúnǎi
牢,láo
牢固,láogù
牢房,láofáng
牢记,láojì
牢骚,láosāo
牧业,mùyè
牧区,mùqū
牧场,mùchǎng
牧民,mùmín
物,wù
物价,wùjià
物体,wùtǐ
物力,wùlì
物品,wùpǐn
物理,wùlǐ
物质,wùzhì
物资,wùzī
牲口,shēngkou
牲畜,shēngchù
牵,qiān
牵制,qiānzhì
牵引,qiānyǐn
牵扯,qiānchě
特,tè
特产,tèchǎn
特别,tèbié
特务,tèwu
特区,tèqū
特地,tèdì
特定,tèdìng
特征,tèzhēng
特性,tèxìng
特意,tèyì
特权,tèquán
特此,tècǐ
特殊,tèshū
特点,tèdiǎn
特色,tèsè
牺牲,xīshēng
犁,lí
犬,quǎn
犯,fàn
犯人,fànrén
犯法,fànfǎ
犯浑,fànhún
犯罪,fànzuì
状况,zhuàngkuàng
状态,zhuàngtài
犹如,yóurú
犹豫,yóuyù
狂,kuáng
狂妄,kuángwàng
狂风,kuángfēng
狐狸,húli
狗,gǒu
狠,hěn
狠心,hěnxīn
狠毒,hěndú
狡猾,jiǎohuá
独,dú
独特,dútè
独立,dúlì
独立自主,dúlìzìzhǔ
独自,dúzì
独裁,dúcái
狭窄,xiázhǎi
狭隘,xiá'ài
狮子,shīzi
狼,láng
狼狈,lángbèi
猎人,lièrén
猖狂,chāngkuáng
猛,měng
猛烈,měngliè
猛然,měngrán
猜,cāi
猜想,cāixiǎng
猜测,cāicè
猪,zhū
猫,māo
献,xiàn
献身,xiànshēn
猴子,hóuzi
猿人,yuánrén
率,lǜ
率领,shuàilǐng
玉,yù
玉米,yùmǐ
王,wáng
王国,wángguó
玖,jiǔ
玩儿,wánr
玩具,wánjù
玩弄,wánnòng
玩意儿,wányìr
玩笑,wánxiào
玫瑰,méigui
环,huán
环境,huánjìng
环节,huánjié
现,xiàn
现代,xiàndài
现代化,xiàndàihuà
现在,xiànzài
现场,xiànchǎng
现实,xiànshí
现成,xiànchéng
现状,xiànzhuàng
现行,xiànxíng
现象,xiànxiàng
现金,xiànjīn
现钱,xiànqián
玲珑,línglóng
玻璃,bōli
珊瑚,shānhú
珍惜,zhēnxī
珍珠,zhēnzhū
珍贵,zhēnguì
珠子,zhūzi
班,bān
班子,bānzi
班机,bānjī
班长,bānzhǎng
球,qiú
球场,qiúchǎng
球迷,qiúmí
球队,qiúduì
理,lǐ
理事,lǐshì
理会,lǐhuì
理发,lǐfà
理想,lǐxiǎng
理所当然,lǐsuǒdāngrán
理由,lǐyóu
理直气壮,lǐzhíqìzhuàng
理睬,lǐcǎi
理解,lǐjiě
理论,lǐlùn
琢磨,zuómo
琴,qín
瑞雪,ruìxuě
瓜,guā
瓜分,guāfēn
瓜子,guāzǐ
瓣,bàn
瓦,wǎ
瓦解,wǎjiě
瓶,píng
瓶子,píngzi
瓷,cí
甘,gān
甘心,gānxīn
甘蔗,gānzhe
甚至,shènzhì
甚至于,shènzhìyú
甜,tián
生,shēng
生产,shēngchǎn
生产力,shēngchǎnlì
生产率,shēngchǎnlǜ
生人,shēngrén
生前,shēngqián
生动,shēngdòng
生命,shēngmìng
生命力,shēngmìnglì
生存,shēngcún
生态,shēngtài
生怕,shēngpà
生意,shēngyì
生效,shēngxiào
生日,shēngri
生机,shēngjī
生殖,shēngzhí
生气,shēngqì
生活,shēnghuó
生物,shēngwù
生理,shēnglǐ
生疏,shēngshū
生病,shēngbìng
生育,shēngyù
生词,shēngcí
生长,shēngzhǎng
用,yòng
用不着,yòngbuzháo
用人,yòngren
用具,yòngjù
用力,yònglì
用功,yònggōng
用品,yòngpǐn
用处,yòngchu
用心,yòngxīn
用意,yòngyì
用户,yònghù
用法,yòngfǎ
用途,yòngtú
甩,shuǎi
甭,béng
田,tián
田地,tiándì
田径,tiánjìng
田野,tiányě
田间,tiánjiān
由,yóu
由于,yóuyú
由此可见,yóucǐkějiàn
甲,jiǎ
甲板,jiǎbǎn
申报,shēnbào
申请,shēnqǐng
申述,shēnshù
电,diàn
电冰箱,diànbīngxiāng
电力,diànlì
电动机,diàndòngjī
电压,diànyā
电台,diàntái
电器,diànqì
电子,diànzǐ
电影,diànyǐng
电影院,diànyǐngyuàn
电报,diànbào
电梯,diàntī
电气,diànqì
电池,diànchí
电流,diànliú
电源,diànyuán
电灯,diàndēng
电炉,diànlú
电线,diànxiàn
电脑,diànnǎo
电视,diànshì
电视台,diànshìtái
电话,diànhuà
电路,diànlù
电车,diànchē
电钮,diànniǔ
电铃,diànlíng
电风扇,diànfēngshàn
男,nán
男人,nánrén
男子,nánzǐ
男性,nánxìng
画,huà
画儿,huàr
画家,huàjiā
画报,huàbào
画蛇添足,huàshétiānzú
画面,huàmiàn
畅谈,chàngtán
畅通,chàngtōng
畅销,chàngxiāo
界,jiè
界线,jièxiàn
界限,jièxiàn
畏,wèi
畏惧,wèijù
畔,pàn
留,liú
留学,liúxué
留学生,liúxuéshēng
留心,liúxīn
留念,liúniàn
留恋,liúliàn
留意,liúyì
留神,liúshén
畜产品,xùchǎnpǐn
畜牧,xùmù
略,lvè
略微,lvèwēi
番,fān
番茄,fānqié
疑心,yíxīn
疑惑,yíhuò
疑问,yíwèn
疑难,yínán
疗养,liáoyǎng
疗效,liáoxiào
疙瘩,gēda
疤,bā
疮,chuāng
疯,fēng
疯子,fēngzi
疯狂,fēngkuáng
疲乏,pífá
疲倦,píjuàn
疲劳,píláo
疲惫,píbèi
疼,téng
疾病,jíbìng
病,bìng
病人,bìngrén
病号,bìnghào
病床,bìngchuáng
病情,bìngqíng
病房,bìngfáng
病毒,bìngdú
病菌,bìngjūn
病虫害,bìngchónghài
症,zhèng
症状,zhèngzhuàng
痒,yǎng
痕迹,hénjì
痛,tòng
痛快,tòngkuai
痛恨,tònghèn
痛苦,tòngkǔ
痰,tán
瘟疫,wēnyì
瘦,shòu
瘦子,shòuzi
瘫痪,tānhuàn
瘸,qué
癌,ái
登,dēng
登记,dēngjì
登陆,dēnglù
白,bái
白天,báitiān
白白,báibái
白菜,báicài
白酒,báijiǔ
百,bǎi
百倍,bǎibèi
百分比,bǎifēnbǐ
百家争鸣,bǎijiāzhēngmíng
百花齐放,bǎihuāqífàng
百货,bǎihuò
的,de
的确,díquè
的确良,díquèliáng
皆,jiē
皇后,huánghòu
皇帝,huángdì
皮,pí
皮带,pídài
皮肤,pífū
皮革,pígé
皱,zhòu
皱纹,zhòuwén
盆,pén
盆地,péndì
盈利,yínglì
盏,zhǎn
盐,yán
监察,jiānchá
监狱,jiānyù
监督,jiāndū
监视,jiānshì
盒,hé
盖,gài
盖子,gàizi
盗,dào
盗窃,dàoqiè
盘,pán
盘子,pánzi
盘旋,pánxuán
盛,chéng
盛产,shèngchǎn
盛大,shèngdà
盛开,shèngkāi
盛情,shèngqíng
盛行,shèngxíng
目,mù
目中无人,mùzhōngwúrén
目光,mùguāng
目前,mùqián
目录,mùlù
目标,mùbiāo
目的,mùdi
目睹,mùdǔ
盯,dīng
盲人,mángrén
盲从,mángcóng
盲目,mángmù
直,zhí
直到,zhídào
直径,zhíjìng
直接,zhíjiē
直播,zhíbō
直线,zhíxiàn
直至,zhízhì
直辖市,zhíxiáshì
直达,zhídá
相,xiāng
相互,xiānghù
相交,xiāngjiāo
相似,xiāngsì
相信,xiāngxìn
相关,xiāngguān
相反,xiāngfǎn
相同,xiāngtóng
相声,xiàngsheng
相对,xiāngduì
相差,xiāngchà
相应,xiāngyìng
相当,xiāngdāng
相比,xiāngbǐ
相符,xiāngfú
相等,xiāngděng
相继,xiāngjì
相识,xiāngshí
相通,xiāngtōng
盼,pàn
盼望,pànwàng
省,shěng
省会,shěnghuì
省得,shěngde
省略,shěnglvè
省长,shěngzhǎng
眉头,méitóu
眉毛,méimao
看,kàn
看不起,kànbuqǐ
看作,kànzuò
看待,kàndài
看望,kànwàng
看来,kànlai
看样子,kànyàngzi
看法,kànfǎ
看病,kànbìng
看见,kànjiàn
看起来,kànqilai
真,zhēn
真实,zhēnshí
真心,zhēnxīn
真是,zhēnshi
真是的,zhēnshide
真正,zhēnzhèng
真理,zhēnlǐ
真相,zhēnxiàng
真诚,zhēnchéng
眨,zhǎ
眯,mī
眼,yǎn
眼下,yǎnxià
眼光,yǎnguāng
眼前,yǎnqián
眼力,yǎnlì
眼泪,yǎnlèi
眼看,yǎnkàn
眼睛,yǎnjing
眼神,yǎnshén
眼色,yǎnsè
眼镜,yǎnjìng
着,zhe
着凉,zháoliáng
着急,zháojí
着想,zhuóxiǎng
着手,zhuóshǒu
着重,zhuózhòng
睁,zhēng
睡,shuì
睡眠,shuìmián
睡觉,shuìjiào
督促,dūcù
瞎,xiā
瞒,mán
瞥,piē
瞧,qiáo
瞪,dèng
瞻仰,zhānyǎng
矛盾,máodùn
知,zhī
知觉,zhījué
知识,zhīshi
知识分子,zhīshifènzǐ
知道,zhīdào
短,duǎn
短促,duǎncù
短处,duǎnchu
短暂,duǎnzàn
短期,duǎnqī
矮,ǎi
石头,shítou
石油,shíyóu
石灰,shíhuī
矿,kuàng
矿井,kuàngjǐng
矿产,kuàngchǎn
矿区,kuàngqū
矿山,kuàngshān
矿物,kuàngwù
矿石,kuàngshí
矿藏,kuàngcáng
码头,mǎtou
砂,shā
砌,qì
砍,kǎn
研制,yánzhì
研究,yánjiū
研究所,yánjiūsuǒ
研究生,yánjiūshēng
砖,zhuān
破,pò
破产,pòchǎn
破坏,pòhuài
破旧,pòjiù
破烂,pòlàn
破碎,pòsuì
破获,pòhuò
破裂,pòliè
破除,pòchú
砸,zá
硅,guī
硫酸,liúsuān
硬,yìng
硬件,yìngjiàn
确保,quèbǎo
确信,quèxìn
确凿,quèzáo
确切,quèqiè
确定,quèdìng
确实,quèshí
确立,quèlì
确认,quèrèn
碍事,àishì
碎,suì
碑,bēi
碗,wǎn
碟子,diézi
碧绿,bìlǜ
碰,pèng
碰见,pèngjiàn
碰钉子,pèngdīngzi
碱,jiǎn
磁带,cídài
磁铁,cítiě
磅,bàng
磋商,cuōshāng
磕,kē
磨,mó
磷,lín
示威,shìwēi
示意图,shìyìtú
示范,shìfàn
礼,lǐ
礼品,lǐpǐn
礼堂,lǐtáng
礼拜,lǐbài
礼拜天,lǐbàitiān
礼物,lǐwù
礼节,lǐjié
礼貌,lǐmào
社,shè
社会,shèhuì
社会主义,shèhuìzhǔyì
社员,shèyuán
社论,shèlùn
祖先,zǔxiān
祖国,zǔguó
祖母,zǔmǔ
祖父,zǔfù
祝,zhù
祝愿,zhùyuàn
祝福,zhùfú
祝贺,zhùhè
神,shén
神仙,shénxiān
神圣,shénshèng
神奇,shénqí
神态,shéntài
神情,shénqíng
神气,shénqì
神秘,shénmì
神经,shénjīng
神色,shénsè
神话,shénhuà
票,piào
祸,huò
祸害,huòhài
禁,jìn
禁区,jìnqū
禁止,jìnzhǐ
福,fú
福利,fúlì
福气,fúqi
离,lí
离休,líxiū
离别,líbié
离婚,líhūn
离开,líkāi
禽,qín
禾苗,hémiáo
秀丽,xiùlì
私,sī
私人,sīrén
私有,sīyǒu
私有制,sīyǒuzhì
私自,sīzì
私营,sīyíng
秃,tū
秆,gǎn
秉性,bǐngxìng
秋,qiū
秋天,qiūtiān
秋季,qiūjì
秋收,qiūshōu
种,zhǒng
种地,zhòngdì
种子,zhǒngzi
种族,zhǒngzú
种植,zhòngzhí
种种,zhǒngzhǒng
种类,zhǒnglèi
科,kē
科学,kēxué
科学家,kēxuéjiā
科学院,kēxuéyuàn
科技,kējì
科普,kēpǔ
科目,kēmù
科研,kēyán
科长,kēzhǎng
秒,miǎo
秘书,mìshū
秘密,mìmì
租,zū
租金,zūjīn
秤,chèng
秩序,zhìxù
积,jī
积压,jīyā
积极,jījí
积极性,jījíxìng
积累,jīlěi
称,chēng
称号,chēnghào
称呼,chēnghu
称心,chènxīn
称赞,chēngzàn
移,yí
移动,yídòng
移民,yímín
稀,xī
程序,chéngxù
程度,chéngdù
稍,shāo
稍微,shāowēi
税,shuì
税收,shuìshōu
稠密,chóumì
稳,wěn
稳妥,wěntuǒ
稳定,wěndìng
稳当,wěndang
稻子,dàozi
稿,gǎo
稿件,gǎojiàn
稿子,gǎozi
稿纸,gǎozhǐ
穆斯林,Mùsīlín
穗,suì
穴,xué
究竟,jiūjìng
穷,qióng
穷人,qióngrén
穷苦,qióngkǔ
空,kōng
空中,kōngzhōng
空儿,kòngr
空军,kōngjūn
空前,kōngqián
空心,kōngxīn
空想,kōngxiǎng
空气,kōngqì
空洞,kōngdòng
空白,kòngbái
空虚,kōngxū
空话,kōnghuà
空调,kōngtiáo
空间,kōngjiān
空隙,kòngxì
穿,chuān
突出,tūchū
突击,tūjī
突然,tūrán
突破,tūpò
窃取,qièqǔ
窃听,qiètīng
窄,zhǎi
窑,yáo
窗,chuāng
窗口,chuāngkǒu
窗台,chuāngtái
窗帘,chuānglián
窗户,chuānghu
窜,cuàn
窝,wō
窝囊,wōnang
窟窿,kūlong
立,lì
立交桥,lìjiāoqiáo
立体,lìtǐ
立刻,lìkè
立即,lìjí
立场,lìchǎng
立方,lìfāng
立方米,lìfāngmǐ
竖,shù
站,zhàn
站岗,zhàngǎng
竞争,jìngzhēng
竞赛,jìngsài
竞选,jìngxuǎn
竟,jìng
竟然,jìngrán
章,zhāng
章程,zhāngchéng
童年,tóngnián
竭力,jiélì
端,duān
端正,duānzhèng
竹子,zhúzi
竿,gān
笋,sǔn
笑,xiào
笑容,xiàoróng
笑话,xiàohua
笔,bǐ
笔直,bǐzhí
笔记,bǐjì
笔试,bǐshì
笔迹,bǐjì
笛子,dízi
符号,fúhào
符合,fúhé
笨,bèn
笨拙,bènzhuō
笨蛋,bèndàn
笨重,bènzhòng
第,dì
笼子,lóngzi
笼罩,lǒngzhào
等,děng
等于,děngyú
等候,děnghòu
等到,děngdào
等待,děngdài
等级,děngjí
筋,jīn
筐,kuāng
筑,zhù
筒,tǒng
答,dá
答卷,dájuàn
答复,dáfù
答应,dāying
答案,dá'àn
答辨,dābiàn
策划,cèhuà
策略,cèlvè
筛,shāi
筛子,shāizi
筷子,kuàizi
筹备,chóubèi
筹建,chóujiàn
签发,qiānfā
签名,qiānmíng
签字,qiānzì
签署,qiānshǔ
签订,qiāndìng
签证,qiānzhèng
简体字,jiǎntǐzì
简便,jiǎnbiàn
简化,jiǎnhuà
简单,jiǎndān
简明,jiǎnmíng
简易,jiǎnyì
简直,jiǎnzhí
简短,jiǎnduǎn
简称,jiǎnchēng
简要,jiǎnyào
简陋,jiǎnlòu
算,suàn
算了,suànle
算数,suànshù
算是,suànshì
算术,suànshù
算盘,suànpán
管,guǎn
管子,guǎnzi
管辖,guǎnxiá
管道,guǎndào
箩筐,luókuāng
箭,jiàn
箱,xiāng
箱子,xiāngzi
篇,piān
篮子,lánzi
篮球,lánqiú
篱笆,líba
籍贯,jíguàn
米,mǐ
米饭,mǐfàn
类,lèi
类似,lèisì
类型,lèixíng
籽,zǐ
粉,fěn
粉末,fěnmò
粉碎,fěnsuì
粉笔,fěnbǐ
粒,lì
粗,cū
粗心,cūxīn
粗心大意,cūxīndàyì
粗暴,cūbào
粗粮,cūliáng
粗细,cūxì
粗鲁,cūlǔ
粘,zhān
粥,zhōu
粪,fèn
粮票,liángpiào
粮食,liángshi
精,jīng
精力,jīnglì
精华,jīnghuá
精密,jīngmì
精彩,jīngcǎi
精心,jīngxīn
精打细算,jīngdǎxìsuàn
精益求精,jīngyìqiújīng
精确,jīngquè
精神,jīngshén
精简,jīngjiǎn
精细,jīngxì
精美,jīngměi
精致,jīngzhì
精通,jīngtōng
糊,hú
糊涂,hútu
糖,táng
糖果,tángguǒ
糟,zāo
糟糕,zāogāo
糟蹋,zāota
糠,kāng
系,xì
系列,xìliè
系统,xìtǒng
素,sù
素质,sùzhì
索性,suǒxìng
紧,jǐn
紧俏,jǐnqiào
紧密,jǐnmì
紧张,jǐnzhāng
紧急,jǐnjí
紧缩,jǐnsuō
紧迫,jǐnpò
紫,zǐ
累,lèi
絮叨,xùdao
繁,fán
繁体字,fántǐzì
繁华,fánhuá
繁多,fánduō
繁忙,fánmáng
繁殖,fánzhí
繁荣,fánróng
繁重,fánzhòng
纠正,jiūzhèng
纠纷,jiūfēn
红,hóng
红旗,hóngqí
红茶,hóngchá
红领巾,hónglǐngjīn
纤维,xiānwéi
约,yuē
约会,yuēhuì
约束,yuēshù
级,jí
级别,jíbié
纪律,jìlǜ
纪念,jìniàn
纪要,jìyào
纯,chún
纯洁,chúnjié
纯粹,chúncuì
纱,shā
纲,gāng
纲要,gāngyào
纲领,gānglǐng
纳税,nàshuì
纳闷儿,nàmènr
纵横,zònghéng
纷纷,fēnfēn
纸,zhǐ
纸张,zhǐzhāng
纺,fǎng
纺织,fǎngzhī
纽扣儿,niǔkòur
线,xiàn
线索,xiànsuǒ
线路,xiànlù
练,liàn
练习,liànxí
练兵,liànbīng
组,zǔ
组合,zǔhé
组成,zǔchéng
组织,zǔzhī
组长,zǔzhǎng
绅士,shēnshì
细,xì
细小,xìxiǎo
细心,xìxīn
细胞,xìbāo
细致,xìzhì
细节,xìjié
细菌,xìjūn
织,zhī
终,zhōng
终于,zhōngyú
终年,zhōngnián
终止,zhōngzhǐ
终点,zhōngdiǎn
终究,zhōngjiū
终端,zhōngduān
终身,zhōngshēn
经,jīng
经典,jīngdiǎn
经历,jīnglì
经受,jīngshòu
经商,jīngshāng
经常,jīngcháng
经济,jīngjì
经理,jīnglǐ
经营,jīngyíng
经费,jīngfèi
经过,jīngguò
经销,jīngxiāo
经验,jīngyàn
绑,bǎng
绑架,bǎngjià
绒,róng
结,jié
结业,jiéyè
结合,jiéhé
结婚,jiéhūn
结实,jiēshi
结局,jiéjú
结晶,jiéjīng
结束,jiéshù
结构,jiégòu
结果,jiéguǒ
结算,jiésuàn
结论,jiélùn
绕,rào
绘,huì
给,gěi
给予,jǐyǔ
给以,gěiyǐ
绝,jué
绝对,juéduì
绝望,juéwàng
绝缘,juéyuán
绞,jiǎo
统一,tǒngyī
统战,tǒngzhàn
统治,tǒngzhì
统筹,tǒngchóu
统统,tǒngtǒng
统计,tǒngjì
绣,xiù
继,jì
继承,jìchéng
继续,jìxù
续,xù
绳子,shéngzi
维修,wéixiū
维护,wéihù
维持,wéichí
维生素,wéishēngsù
绷,bēng
绷带,bēngdài
绸子,chóuzi
综合,zōnghé
绿,lǜ
绿化,lǜhuà
缎子,duànzi
缓,huǎn
缓和,huǎnhé
缓慢,huǎnmàn
缓缓,huǎnhuǎn
缔结,dìjié
编,biān
编制,biānzhì
编号,biānhào
编者按,biānzhě'àn
编辑,biānjí
缘故,yuángù
缝,féng
缠,chán
缩,suō
缩小,suōxiǎo
缩短,suōduǎn
缴,jiǎo
缴纳,jiǎonà
缸,gāng
缺,quē
缺乏,quēfá
缺口,quēkǒu
缺少,quēshǎo
缺席,quēxí
缺点,quēdiǎn
缺陷,quēxiàn
罐,guàn
罐头,guàntou
网,wǎng
网球,wǎngqiú
罕见,hǎnjiàn
罗列,luóliè
罗唆,luōsuō
罚,fá
罚款,fákuǎn
罢,bà
罢工,bàgōng
罩,zhào
罪,zuì
罪名,zuìmíng
罪恶,zuì'è
罪犯,zuìfàn
罪状,zuìzhuàng
罪行,zuìxíng
置,zhì
羊,yáng
美,měi
美中不足,měizhōngbùzú
美丽,měilì
美元,Měiyuán
美国,měiguó
美好,měihǎo
美妙,měimiào
美德,měidé
美术,měishù
美满,měimǎn
美观,měiguān
羞耻,xiūchǐ
羡慕,xiànmù
群,qún
群众,qúnzhòng
群体,qúntǐ
群岛,qúndǎo
羽毛,yǔmáo
羽毛球,yǔmáoqiú
翅膀,chìbǎng
翘,qiào
翠绿,cuìlǜ
翻,fān
翻译,fānyì
翻身,fānshēn
翼,yì
耀眼,yàoyǎn
老,lǎo
老一辈,lǎoyībèi
老乡,lǎoxiāng
老人,lǎorén
老人家,lǎorenjia
老化,lǎohuà
老大妈,lǎodàmā
老大娘,lǎodàniáng
老大爷,lǎodàye
老天爷,lǎotiānyé
老太太,lǎotàitai
老太婆,lǎotàipó
老头儿,lǎotóur
老婆,lǎopo
老实,lǎoshi
老家,lǎojiā
老师,lǎoshī
老年,lǎonián
老成,lǎochéng
老是,lǎoshi
老板,lǎobǎn
老汉,lǎohàn
老爷,lǎoye
老百姓,lǎobǎixìng
老虎,lǎohǔ
老鼠,lǎoshǔ
考,kǎo
考取,kǎoqǔ
考古,kǎogǔ
考察,kǎochá
考核,kǎohé
考虑,kǎolǜ
考试,kǎoshì
考验,kǎoyàn
者,zhě
而,ér
而且,érqiě
而后,érhòu
而已,éryǐ
耍,shuǎ
耐,nài
耐力,nàilì
耐心,nàixīn
耐烦,nàifán
耐用,nàiyòng
耕,gēng
耕地,gēngdì
耕种,gēngzhòng
耗,hào
耗费,hàofèi
耳朵,ěrduo
耸,sǒng
耽误,dānwu
聊,liáo
聊天,liáotiān
聋,lóng
职业,zhíyè
职务,zhíwù
职员,zhíyuán
职工,zhígōng
职权,zhíquán
职称,zhíchēng
职能,zhínéng
联,lián
联合,liánhé
联想,liánxiǎng
联欢,liánhuān
联盟,liánméng
联系,liánxì
联络,liánluò
联邦,liánbāng
聘,pìn
聘任,pìnrèn
聘用,pìnyòng
聘请,pìnqǐng
聚,jù
聚会,jùhuì
聚精会神,jùjīnghuìshén
聚集,jùjí
聪明,cōngming
肃清,sùqīng
肆,sì
肉,ròu
肌肉,jīròu
肖像,xiàoxiàng
肚子,dùzi
肝,gān
肝炎,gānyán
肠,cháng
股,gǔ
股东,gǔdōng
股份,gǔfèn
股票,gǔpiào
肥,féi
肥料,féiliào
肥沃,féiwò
肥皂,féizào
肩,jiān
肩膀,jiānbǎng
肯,kěn
肯定,kěndìng
肺,fèi
肺炎,fèiyán
肾炎,shènyán
肿,zhǒng
肿瘤,zhǒngliú
胀,zhàng
胃,wèi
胆,dǎn
胆子,dǎnzi
胆怯,dǎnqiè
胆量,dǎnliàng
背,bèi
背包,bèibāo
背叛,bèipàn
背后,bèihòu
背心,bèixīn
背景,bèijǐng
背诵,bèisòng
背面,bèimiàn
胖,pàng
胖子,pàngzi
胜,shèng
胜利,shènglì
胡,hú
胡乱,húluàn
胡同,hútòng
胡子,húzi
胡来,húlái
胡说,húshuō
胳膊,gēbo
胶,jiāo
胶卷,jiāojuǎn
胶片,jiāopiàn
胸,xiōng
胸怀,xiōnghuái
胸膛,xiōngtáng
能,néng
能力,nénglì
能够,nénggòu
能干,nénggàn
能手,néngshǒu
能歌善舞,nénggēshànwǔ
能源,néngyuán
能量,néngliàng
脂肪,zhīfáng
脆,cuì
脆弱,cuìruò
脉搏,màibó
脊梁,jǐliang
脏,zāng
脑力,nǎolì
脑子,nǎozi
脑筋,nǎojīn
脑袋,nǎodai
脖子,bózi
脚,jiǎo
脚步,jiǎobù
脱,tuō
脱离,tuōlí
脱落,tuōluò
脸,liǎn
脸盆,liǎnpén
脸色,liǎnsè
脾气,píqi
腊月,làyuè
腐化,fǔhuà
腐朽,fǔxiǔ
腐烂,fǔlàn
腐蚀,fǔshí
腐败,fǔbài
腔,qiāng
腥,xīng
腮,sāi
腰,yāo
腹,fù
腾,téng
腿,tuǐ
膜,mó
膝盖,xīgài
膨胀,péngzhàng
自,zì
自主,zìzhǔ
自从,zìcóng
自信,zìxìn
自力更生,zìlìgēngshēng
自动,zìdòng
自卑,zìbēi
自卫,zìwèi
自发,zìfā
自古,zìgǔ
自始至终,zìshǐzhìzhōng
自学,zìxué
自己,zìjǐ
自愿,zìyuàn
自我,zìwǒ
自杀,zìshā
自来水,zìláishuǐ
自治,zìzhì
自治区,zìzhìqū
自满,zìmǎn
自然,zìrán
自由,zìyóu
自由市场,zìyóushìchǎng
自相矛盾,zìxiāngmáodùn
自私,zìsī
自私自利,zìsīzìlì
自行,zìxíng
自行车,zìxíngchē
自觉,zìjué
自言自语,zìyánzìyǔ
自豪,zìháo
自负盈亏,zìfùyíngkuī
自费,zìfèi
自身,zìshēn
臭,chòu
至,zhì
至于,zhìyú
至今,zhìjīn
至多,zhìduō
至少,zhìshǎo
致,zhì
致使,zhìshǐ
致富,zhìfù
致敬,zhìjìng
致电,zhìdiàn
致词,zhìcí
舅母,jiùmu
舅舅,jiùjiu
舆论,yúlùn
舌头,shétou
舍,shě
舍不得,shěbude
舍得,shěde
舒展,shūzhǎn
舒服,shūfu
舒畅,shūchàng
舒适,shūshì
舞,wǔ
舞会,wǔhuì
舞厅,wǔtīng
舞台,wǔtái
舞蹈,wǔdǎo
舟,zhōu
航天,hángtiān
航海,hánghǎi
航班,hángbān
航空,hángkōng
航线,hángxiàn
航行,hángxíng
航运,hángyùn
航道,hángdào
般,bān
舱,cāng
船,chuán
船只,chuánzhī
船舶,chuánbó
艇,tǐng
艘,sōu
良,liáng
良好,liánghǎo
良种,liángzhǒng
艰巨,jiānjù
艰苦,jiānkǔ
艰险,jiānxiǎn
艰难,jiānnán
色,sè
色彩,sècǎi
艺术,yìshù
艾滋病,àizībìng
节,jié
节奏,jiézòu
节日,jiérì
节目,jiémù
节省,jiéshěng
节约,jiéyuē
节育,jiéyù
节能,jiénéng
芝麻,zhīma
芬芳,fēnfāng
芭蕾舞,bālěiwǔ
花,huā
花园,huāyuán
花朵,huāduǒ
花样,huāyàng
花生,huāshēng
花纹,huāwén
花色,huāsè
花费,huāfèi
芹菜,qíncài
芽,yá
苍白,cāngbái
苍蝇,cāngying
苏醒,sūxǐng
苑,yuàn
苗,miáo
若,ruò
若干,ruògān
苦,kǔ
苦恼,kǔnǎo
苦难,kǔnàn
英俊,yīngjùn
英勇,yīngyǒng
英明,yīngmíng
英语,yīngyǔ
英镑,Yīngbàng
英雄,yīngxióng
苹果,píngguǒ
茂密,màomì
茂盛,màoshèng
范围,fànwéi
范畴,fànchóu
茄子,qiézi
茅台酒,máotáijiǔ
茎,jīng
茧,jiǎn
茫然,mángrán
茫茫,mángmáng
茶,chá
茶叶,cháyè
茶话会,cháhuàhuì
茶馆,cháguǎn
草,cǎo
草原,cǎoyuán
草地,cǎodì
草案,cǎo'àn
草率,cǎoshuài
荒,huāng
荒凉,huāngliáng
荒唐,huāngtáng
荒地,huāngdì
荒谬,huāngmiù
荔枝,lìzhī
荡,dàng
荣幸,róngxìng
荣誉,róngyù
药,yào
药品,yàopǐn
药方,yàofāng
药材,yàocái
药水儿,yàoshuǐr
药物,yàowù
荷花,héhuā
莫,mò
莫名其妙,mòmíngqímiào
莲子,liánzǐ
获,huò
获取,huòqǔ
获得,huòdé
菊花,júhuā
菌,jūn
菜,cài
菜单,càidān
菠菜,bōcài
萌芽,méngyá
萍水相逢,píngshuǐxiāngféng
萝卜,luóbo
营,yíng
营业,yíngyè
营养,yíngyǎng
落,luò
落后,luòhòu
落地,luòdì
落实,luòshí
落成,luòchéng
落选,luòxuǎn
著,zhù
著作,zhùzuò
著名,zhùmíng
葡萄,pútao
葡萄糖,pútaotáng
董事,dǒngshì
葫芦,húlu
葬,zàng
葬礼,zànglǐ
葱,cōng
葵花,kuíhuā
蒙,méng
蒜,suàn
蒸,zhēng
蒸发,zhēngfā
蒸汽,zhēngqì
蓄,xù
蓝,lán
蓬勃,péngbó
蔑视,mièshì
蔓延,mànyán
蔬菜,shūcài
蕴藏,yùncáng
薄,báo
薄弱,bóruò
薄膜,bómó
薪金,xīnjīn
藏,cáng
藤,téng
蘑菇,mógu
虚,xū
虚伪,xūwěi
虚假,xūjiǎ
虚弱,xūruò
虚心,xūxīn
虫子,chóngzi
虹,hóng
虽,suī
虽然,suīrán
虽说,suīshuō
虾,xiā
蚂蚁,mǎyǐ
蚊子,wénzi
蚕,cán
蛇,shé
蛋,dàn
蛋白质,dànbáizhì
蛋糕,dàn'gāo
蛾子,ézi
蜂,fēng
蜂蜜,fēngmì
蜘蛛,zhīzhū
蜜,mì
蜜蜂,mìfēng
蜡烛,làzhú
蜻蜓,qīngtíng
蝇子,yíngzi
蝉,chán
蝗虫,huángchóng
蝴蝶,húdié
融化,rónghuà
融洽,róngqià
螺丝钉,luósīdīng
蠢,chǔn
血,xiě
血压,xuèyā
血汗,xuèhàn
血液,xuèyè
血管,xuèguǎn
行,xíng
行业,hángyè
行为,xíngwéi
行人,xíngrén
行使,xíngshǐ
行军,xíngjūn
行列,hángliè
行动,xíngdòng
行径,xíngjìng
行政,xíngzhèng
行星,xíngxīng
行李,xíngli
行程,xíngchéng
行贿,xínghuì
行驶,xíngshǐ
衔,xián
衔接,xiánjiē
街,jiē
街坊,jiēfang
街头,jiētóu
街道,jiēdào
衣服,yīfu
衣裳,yīshang
补,bǔ
补习,bǔxí
补偿,bǔcháng
补充,bǔchōng
补助,bǔzhù
补救,bǔjiù
补课,bǔkè
补贴,bǔtiē
表,biǎo
表彰,biǎozhāng
表情,biǎoqíng
表扬,biǎoyáng
表明,biǎomíng
表演,biǎoyǎn
表现,biǎoxiàn
表示,biǎoshì
表达,biǎodá
表面,biǎomiàn
衬衣,chènyī
衬衫,chènshān
衰弱,shuāiruò
衰老,shuāilǎo
衰退,shuāituì
衷心,zhōngxīn
袄,ǎo
袋,dài
袖子,xiùzi
袜子,wàzi
被,bèi
被动,bèidòng
被告,bèigào
被子,bèizi
被迫,bèipò
袭击,xíjī
裁,cái
裁军,cáijūn
裁决,cáijué
裁判,cáipàn
裁缝,cáifeng
裂,liè
装,zhuāng
装卸,zhuāngxiè
装备,zhuāngbèi
装置,zhuāngzhì
装配,zhuāngpèi
装饰,zhuāngshì
裙子,qúnzi
裤子,kùzi
裹,guǒ
西,xī
西北,xīběi
西医,xīyī
西南,xīnán
西方,xīfāng
西服,xīfú
西瓜,xīguā
西红柿,xīhóngshì
西边,xībiān
西部,xībù
西面,xīmiàn
西餐,xīcān
要,yào
要不,yàobù
要不是,yàobushì
要不然,yàobùrán
要么,yàome
要命,yàomìng
要好,yàohǎo
要是,yàoshi
要求,yāoqiú
要点,yàodiǎn
要素,yàosù
要紧,yàojǐn
要领,yàolǐng
覆盖,fùgài
见,jiàn
见效,jiànxiào
见解,jiànjiě
见识,jiànshi
见面,jiànmiàn
观众,guānzhòng
观光,guānguāng
观察,guānchá
观念,guānniàn
观测,guāncè
观点,guāndiǎn
观看,guānkàn
观赏,guānshǎng
规划,guīhuà
规则,guīzé
规定,guīdìng
规律,guīlǜ
规格,guīgé
规模,guīmó
规矩,guīju
规章,guīzhāng
规范,guīfàn
视,shì
视力,shìlì
视察,shìchá
视线,shìxiàn
视觉,shìjué
视野,shìyě
觉,jué
觉察,juéchá
觉得,juéde
觉悟,juéwù
觉醒,juéxǐng
角,jiǎo
角度,jiǎodù
角落,jiǎoluò
解,jiě
解决,jiějué
解剖,jiěpōu
解放,jiěfàng
解放军,jiěfàngjūn
解散,jiěsàn
解答,jiědá
解释,jiěshì
解除,jiěchú
解雇,jiěgù
触,chù
触犯,chùfàn
言,yán
言论,yánlùn
言语,yányǔ
誓言,shìyán
警卫,jǐngwèi
警告,jǐnggào
警察,jǐngchá
警惕,jǐngtì
警戒,jǐngjiè
譬如,pìrú
计,jì
计划,jìhuà
计算,jìsuàn
计算机,jìsuànjī
计较,jìjiào
订,dìng
订婚,dìnghūn
订货,dìnghuò
订购,dìnggòu
订阅,dìngyuè
认,rèn
认为,rènwéi
认可,rènkě
认定,rèndìng
认得,rènde
认真,rènzhēn
认识,rènshi
讥笑,jīxiào
讨,tǎo
讨价还价,tǎojiàhuánjià
讨厌,tǎoyàn
讨论,tǎolùn
让,ràng
让步,ràngbù
训,xùn
训练,xùnliàn
议会,yìhuì
议员,yìyuán
议定书,yìdìngshū
议案,yì'àn
议程,yìchéng
议论,yìlùn
讯,xùn
记,jì
记号,jìhao
记录,jìlù
记得,jìde
记忆,jìyì
记忆力,jìyìlì
记性,jìxing
记者,jìzhě
记载,jìzǎi
讲,jiǎng
讲义,jiǎngyì
讲座,jiǎngzuò
讲演,jiǎngyǎn
讲理,jiǎnglǐ
讲究,jiǎngjiu
讲解,jiǎngjiě
讲话,jiǎnghuà
讲课,jiǎngkè
讲述,jiǎngshù
许,xǔ
许可,xǔkě
许多,xǔduō
讹,é
论,lùn
论文,lùnwén
论点,lùndiǎn
论证,lùnzhèng
论述,lùnshù
讽刺,fěngcì
设,shè
设备,shèbèi
设想,shèxiǎng
设施,shèshī
设法,shèfǎ
设立,shèlì
设置,shèzhì
设计,shèjì
访问,fǎngwèn
证,zhèng
证书,zhèngshū
证件,zhèngjiàn
证实,zhèngshí
证据,zhèngjù
证明,zhèngmíng
评,píng
评价,píngjià
评估,pínggū
评定,píngdìng
评审,píngshěn
评比,píngbǐ
评论,pínglùn
评选,píngxuǎn
识,shí
识别,shíbié
诈骗,zhàpiàn
诉讼,sùsòng
诊断,zhěnduàn
词,cí
词典,cídiǎn
词句,cíjù
词汇,cíhuì
译员,yìyuán
试,shì
试制,shìzhì
试卷,shìjuàn
试用,shìyòng
试行,shìxíng
试验,shìyàn
诗,shī
诗人,shīrén
诗歌,shīgē
诚实,chéngshí
诚心诚意,chéngxīnchéngyì
诚恳,chéngkěn
诚意,chéngyì
诚挚,chéngzhì
话,huà
话剧,huàjù
话题,huàtí
诞生,dànshēng
诞辰,dànchén
询问,xúnwèn
该,gāi
详细,xiángxì
诧异,chàyì
诬蔑,wūmiè
诬陷,wūxiàn
语文,yǔwén
语气,yǔqì
语法,yǔfǎ
语言,yǔyán
语调,yǔdiào
语音,yǔyīn
误,wù
误会,wùhuì
误差,wùchā
误解,wùjiě
诱,yòu
诱惑,yòuhuò
说,shuō
说不定,shuōbudìng
说情,shuōqíng
说明,shuōmíng
说服,shuōfú
说法,shuōfa
说谎,shuōhuǎng
请,qǐng
请假,qǐngjià
请客,qǐngkè
请帖,qǐngtiě
请愿,qǐngyuàn
请教,qǐngjiào
请柬,qǐngjiǎn
请求,qǐngqiú
请示,qǐngshì
请问,qǐngwèn
诸位,zhūwèi
诸如此类,zhūrúcǐlèi
读,dú
读书,dúshū
读物,dúwù
读者,dúzhě
诽谤,fěibàng
课,kè
课堂,kètáng
课文,kèwén
课时,kèshí
课本,kèběn
课程,kèchéng
课题,kètí
谁,sheí
调,diào
调剂,tiáojì
调动,diàodòng
调和,tiáohé
调度,diàodù
调换,diàohuàn
调整,tiáozhěng
调查,diàochá
调皮,tiáopí
调节,tiáojié
调解,tiáojiě
谅解,liàngjiě
谈,tán
谈判,tánpàn
谈天,tántiān
谈论,tánlùn
谈话,tánhuà
谋,móu
谋求,móuqiú
谜语,míyǔ
谢绝,xièjué
谢谢,xièxie
谣言,yáoyán
谦虚,qiānxū
谦逊,qiānxùn
谨慎,jǐnshèn
谬论,miùlùn
谱,pǔ
谱曲,pǔqǔ
谴责,qiǎnzé
谷子,gǔzi
豁,huō
豆子,dòuzi
豆浆,dòujiāng
豆腐,dòufu
豌豆,wāndòu
象,xiàng
象征,xiàngzhēng
豪华,háohuá
贝壳,bèiké
负,fù
负伤,fùshāng
负担,fùdān
负责,fùzé
贡献,gòngxiàn
财,cái
财产,cáichǎn
财会,cáikuài
财力,cáilì
财务,cáiwù
财富,cáifù
财政,cáizhèng
财经,cáijīng
责任,zérèn
责任制,zérènzhì
责备,zébèi
责怪,zéguài
贤惠,xiánhuì
败,bài
败坏,bàihuài
货,huò
货币,huòbì
货物,huòwù
质,zhì
质变,zhìbiàn
质朴,zhìpǔ
质量,zhìliàng
贩卖,fànmài
贪,tān
贪污,tānwū
贫,pín
贫乏,pínfá
贫困,pínkùn
贫民,pínmín
贫穷,pínqióng
贫苦,pínkǔ
贬义,biǎnyì
贬低,biǎndī
贬值,biǎnzhí
购,gòu
购买,gòumǎi
贯彻,Guànchè
贰,èr
贱,jiàn
贴,tiē
贵,guì
贵姓,guìxìng
贵宾,guìbīn
贵族,guìzú
贵重,guìzhòng
贷,dài
贷款,dàikuǎn
贸易,màoyì
费,fèi
费力,fèilì
费用,fèiyòng
贺词,hècí
贼,zéi
贿赂,huìlù
资产,zīchǎn
资产阶级,zīchǎnjiējí
资助,zīzhù
资料,zīliào
资本,zīběn
资本主义,zīběnzhǔyì
资本家,zīběnjiā
资格,zīgé
资源,zīyuán
资金,zījīn
赋予,fùyǔ
赌,dǔ
赌博,dǔbó
赏,shǎng
赔,péi
赔偿,péicháng
赔款,péikuǎn
赖,lài
赚,zhuàn
赛,sài
赞助,zànzhù
赞叹,zàntàn
赞同,zàntóng
赞成,zànchéng
赞扬,zànyáng
赞美,zànměi
赞赏,zànshǎng
赠送,zèngsòng
赢,yíng
赢得,yíngdé
赤字,chìzì
赤道,chìdào
走,zǒu
走后门儿,zǒuhòuménr
走向,zǒuxiàng
走廊,zǒuláng
走弯路,zǒuwānlù
走漏,zǒulòu
走狗,zǒugǒu
走私,zǒusī
走访,zǒufǎng
走道,zǒudào
赴,fù
赶,gǎn
赶上,gǎnshàng
赶忙,gǎnmáng
赶快,gǎnkuài
赶紧,gǎnjǐn
起,qǐ
起义,qǐyì
起伏,qǐfú
起初,qǐchū
起劲,qǐjìn
起哄,qǐhòng
起床,qǐchuáng
起来,qǐlái
起源,qǐyuán
起点,qǐdiǎn
起码,qǐmǎ
起草,qǐcǎo
起诉,qǐsù
起身,qǐshēn
起飞,qǐfēi
趁,chèn
超,chāo
超产,chāochǎn
超出,chāochū
超级,chāojí
超越,chāoyuè
超过,chāoguò
超额,chāo'é
越,yuè
越_越_,yuè_yuè_
越冬,yuèdōng
越来越_,yuèláiyuè_
越过,yuèguò
趋势,qūshì
趋向,qūxiàng
趟,tàng
趣味,qùwèi
足,zú
足以,zúyǐ
足球,zúqiú
趴,pā
跃,yuè
跃进,yuèjìn
跌,diē
跑,pǎo
跑步,pǎobù
跑道,pǎodào
距,jù
距离,jùlí
跟,gēn
跟前,gēnqián
跟头,gēntou
跟踪,gēnzōng
跟随,gēnsuí
跨,kuà
跪,guì
路,lù
路上,lùshang
路口,lùkǒu
路子,lùzi
路程,lùchéng
路线,lùxiàn
路过,lùguò
路面,lùmiàn
跳,tiào
跳动,tiàodòng
跳舞,tiàowǔ
跳跃,tiàoyuè
跳远,tiàoyuǎn
跳高,tiàogāo
践踏,jiàntà
跺,duò
踊跃,yǒngyuè
踌躇,chóuchú
踏,tà
踏实,tāshi
踢,tī
踩,cǎi
踪迹,zōngjì
蹄,tí
蹦,bèng
蹬,dēng
蹭,cèng
蹲,dūn
身,shēn
身份,shēnfen
身体,shēntǐ
身子,shēnzi
身材,shēncái
身边,shēnbiān
躲,duǒ
躲藏,duǒcáng
躲避,duǒbì
躺,tǎng
车,chē
车厢,chēxiāng
车床,chēchuáng
车站,chēzhàn
车辆,chēliàng
车间,chējiān
轧,yà
轨道,guǐdào
转,zhuàn
转交,zhuǎnjiāo
转入,zhuǎnrù
转动,zhuàndòng
转化,zhuǎnhuà
转变,zhuǎnbiàn
转向,zhuǎnxiàng
转告,zhuǎngào
转弯,zhuǎnwān
转折,zhuǎnzhé
转换,zhuǎnhuàn
转播,zhuǎnbō
转移,zhuǎnyí
转让,zhuǎnràng
转达,zhuǎndá
轮子,lúnzi
轮廓,lúnkuò
轮流,lúnliú
轮船,lúnchuán
软,ruǎn
软件,ruǎnjiàn
软弱,ruǎnruò
轰动,hōngdòng
轰炸,hōngzhà
轰轰烈烈,hōnghōnglièliè
轻,qīng
轻便,qīngbiàn
轻工业,qīnggōngyè
轻微,qīngwēi
轻快,qīngkuài
轻易,qīngyì
轻松,qīngsōng
轻视,qīngshì
载,zài
轿车,jiàochē
较,jiào
较量,jiàoliàng
辅助,fǔzhù
辅导,fǔdǎo
辆,liàng
辈,bèi
辉煌,huīhuáng
辐射,fúshè
输,shū
输入,shūrù
输出,shūchū
输送,shūsòng
辛勤,xīnqín
辛苦,xīnkǔ
辜负,gūfù
辞,cí
辞职,cízhí
辣,là
辣椒,làjiāo
辩别,biànbié
辩护,biànhù
辩解,biànjiě
辩认,biànrèn
辩论,biànlùn
辩证,biànzhèng
辩证法,biànzhèngfǎ
辫子,biànzi
边,biān
边_边_,biān_biān_
边境,biānjìng
边界,biānjiè
边疆,biānjiāng
边缘,biānyuán
边防,biānfáng
辽阔,liáokuò
达,dá
达到,dádào
达成,dáchéng
迁,qiān
迁就,qiānjiù
迅速,xùnsù
过,guò
过于,guòyú
过分,guòfèn
过去,guòqù
过后,guòhòu
过失,guòshī
过年,guònián
过度,guòdù
过来,guòlái
过渡,guòdù
过滤,guòlǜ
过程,guòchéng
过问,guòwèn
迈,mài
迎,yíng
迎接,yíngjiē
迎面,yíngmiàn
运,yùn
运动,yùndòng
运动会,yùndònghuì
运动员,yùndòngyuán
运气,yùnqi
运用,yùnyòng
运算,yùnsuàn
运行,yùnxíng
运转,yùnzhuàn
运输,yùnshū
运送,yùnsòng
近,jìn
近代,jìndài
近似,jìnsì
近年,jìnnián
近期,jìnqī
近来,jìnlái
近视,jìnshi
返,fǎn
返回,fǎnhuí
还,huàn
还原,huányuán
还是,háishì
这,zhè
这个,zhège
这么,zhème
这么着,zhèmezhe
这些,zhèxiē
这会儿,zhèhuìr
这样,zhèyàng
这样一来,zhèyàngyīlái
这边,zhèbiān
这里,zhèli
进,jìn
进一步,jìnyībù
进修,jìnxiū
进入,jìnrù
进军,jìnjūn
进化,jìnhuà
进去,jìnqù
进取,jìnqǔ
进口,jìnkǒu
进展,jìnzhǎn
进攻,jìngōng
进来,jìnlái
进步,jìnbù
进程,jìnchéng
进而,jìn'ér
进行,jìnxíng
远,yuǎn
远大,yuǎndà
远方,yuǎnfāng
远景,yuǎnjǐng
远销,yuǎnxiāo
违反,wéifǎn
违法,wéifǎ
违犯,wéifàn
违背,wéibèi
连,lián
连_带_,lián_dài_
连_都_,lián_dōu
连同,liántóng
连夜,liányè
连年,liánnián
连忙,liánmáng
连接,liánjiē
连滚带爬,liángǔndàipá
连续,liánxù
连续剧,liánxùjù
连绵,liánmián
连连,liánlián
连队,liánduì
迟,chí
迟到,chídào
迟疑,chíyí
迟缓,chíhuǎn
迫使,pòshǐ
迫切,pòqiè
迫害,pòhài
迷,mí
迷信,míxìn
迷失,míshī
迷惑,míhuo
迷糊,míhu
迹象,jìxiàng
追,zhuī
追悼,zhuīdào
追查,zhuīchá
追求,zhuīqiú
追究,zhuījiū
追赶,zhuīgǎn
追问,zhuīwèn
退,tuì
退休,tuìxiū
退出,tuìchū
退步,tuìbù
退还,tuìhuán
送,sòng
送礼,sònglǐ
送行,sòngxíng
适合,shìhé
适宜,shìyí
适应,shìyìng
适当,shìdàng
逃,táo
逃荒,táohuāng
逃走,táozǒu
逃跑,táopǎo
逃避,táobì
逆流,nìliú
选,xuǎn
选举,xuǎnjǔ
选修,xuǎnxiū
选取,xuǎnqǔ
选定,xuǎndìng
选手,xuǎnshǒu
选拔,xuǎnbá
选择,xuǎnzé
选民,xuǎnmín
选用,xuǎnyòng
选集,xuǎnjí
透,tòu
透彻,tòuchè
透明,tòumíng
透明度,tòumíngdù
逐年,zhúnián
逐步,zhúbù
逐渐,zhújiàn
递,dì
递交,dìjiāo
递增,dìzēng
途径,tújìng
逗,dòu
通,tōng
通俗,tōngsú
通信,tōngxìn
通告,tōnggào
通商,tōngshāng
通常,tōngcháng
通报,tōngbào
通用,tōngyòng
通知,tōngzhī
通红,tōnghóng
通航,tōngháng
通行,tōngxíng
通讯,tōngxùn
通讯社,tōngxùnshè
通货膨胀,tōnghuòpéngzhàng
通过,tōngguò
通道,tōngdào
通顺,tōngshùn
通风,tōngfēng
逛,guàng
逝世,shìshì
速度,sùdù
速成,sùchéng
造,zào
造价,zàojià
造反,zàofǎn
造句,zàojù
造型,zàoxíng
逢,féng
逮捕,dàibǔ
逻辑,luóji
逼,bī
逼近,bījìn
逼迫,bīpò
遇,yù
遇到,yùdào
遇见,yùjiàn
遍,biàn
遍地,biàndì
道,dào
道德,dàodé
道歉,dàoqiàn
道理,dàolǐ
道路,dàolù
遗产,yíchǎn
遗传,yíchuán
遗体,yítǐ
遗址,yízhǐ
遗失,yíshī
遗憾,yíhàn
遗留,yíliú
遥控,yáokòng
遥远,yáoyuǎn
遭,zāo
遭到,zāodào
遭受,zāoshòu
遭殃,zāoyāng
遭遇,zāoyù
遮,zhē
遵守,zūnshǒu
遵循,zūnxún
遵照,zūnzhào
避,bì
避免,bìmiǎn
邀,yāo
邀请,yāoqǐng
那,nà
那个,nàge
那么,nàme
那些,nàxiē
那时,nàshí
那样,nàyàng
那边,nàbiān
那里,nàli
邪,xié
邮包,yóubāo
邮寄,yóujì
邮局,yóujú
邮政,yóuzhèng
邮电,yóudiàn
邮票,yóupiào
邮购,yóugòu
邻,lín
邻国,línguó
邻居,línjū
郊区,jiāoqū
郑重,zhèngzhòng
部,bù
部件,bùjiàn
部位,bùwèi
部分,bùfen
部署,bùshǔ
部长,bùzhǎng
部门,bùmén
部队,bùduì
都,dōu
都市,dūshì
酌情,zhuóqíng
配,pèi
配偶,pèi'ǒu
配合,pèihé
配备,pèibèi
配套,pèitào
配方,pèifāng
酒,jiǔ
酒会,jiǔhuì
酒店,jiǔdiàn
酒精,jiǔjīng
酗酒,xùjiǔ
酝酿,yùnniàng
酱,jiàng
酱油,jiàngyóu
酸,suān
酿,niàng
醉,zuì
醋,cù
醒,xǐng
采,cǎi
采取,cǎiqǔ
采用,cǎiyòng
采纳,cǎinà
采访,cǎifǎng
采购,cǎigòu
采集,cǎijí
释放,shìfàng
里,lǐ
里头,lǐtou
里边,lǐbiān
里面,lǐmiàn
重,zhòng
重叠,chóngdié
重型,zhòngxíng
重复,chóngfù
重大,zhòngdà
重工业,zhònggōngyè
重心,zhòngxīn
重新,chóngxīn
重点,zhòngdiǎn
重申,chóngshēn
重要,zhòngyào
重视,zhòngshì
重量,zhòngliàng
野,yě
野兽,yěshòu
野外,yěwài
野心,yěxīn
野生,yěshēng
野蛮,yěmán
量,liáng
金,jīn
金属,jīnshǔ
金牌,jīnpái
金融,jīnróng
金钱,jīnqián
金额,jīn'é
金鱼,jīnyú
金黄,jīnhuáng
鉴于,jiànyú
鉴别,jiànbié
鉴定,jiàndìng
针,zhēn
针对,zhēnduì
针灸,zhēnjiǔ
钉,dīng
钉子,dīngzi
钓,diào
钙,gài
钞票,chāopiào
钟,zhōng
钟头,zhōngtóu
钟点,zhōngdiǎn
钟表,zhōngbiǎo
钢,gāng
钢材,gāngcái
钢琴,gāngqín
钢笔,gāngbǐ
钥匙,yàoshi
钦佩,qīnpèi
钩,gōu
钩子,gōuzi
钱,qián
钳子,qiánzi
钻,zuān
钻石,zuànshí
钻研,zuānyán
铀,yóu
铁,tiě
铁路,tiělù
铁道,tiědào
铁饭碗,tiěfànwǎn
铃,líng
铅,qiān
铅笔,qiānbǐ
铜,tóng
铝,lǚ
铲,chǎn
银,yín
银幕,yínmù
银行,yínháng
铸,zhù
铸造,zhùzào
铺,pū
链子,liànzi
销,xiāo
销售,xiāoshòu
销毁,xiāohuǐ
销路,xiāolù
锁,suǒ
锄,chú
锅,guō
锅炉,guōlú
锈,xiù
锋利,fēnglì
锌,xīn
锐利,ruìlì
错,cuò
错字,cuòzì
错误,cuòwù
锡,xī
锣,luó
锤,chuí
锦绣,jǐnxiù
键盘,jiànpán
锯,jù
锹,qiāo
锻炼,duànliàn
镀,dù
镁,měi
镇,zhèn
镇压,zhènyā
镇定,zhèndìng
镇静,zhènjìng
镜头,jìngtóu
镜子,jìngzi
镰刀,liándāo
镶,xiāng
长,zhǎng
长久,chángjiǔ
长处,chángchu
长寿,chángshòu
长度,chángdù
长征,chángzhēng
长期,chángqī
长短,chángduǎn
长远,chángyuǎn
长途,chángtú
门,mén
门口,ménkǒu
门市部,ménshìbù
门当户对,méndānghùduì
门诊,ménzhěn
闪,shǎn
闪烁,shǎnshuò
闪电,shǎndiàn
闪耀,shǎnyào
闭,bì
闭塞,bìsè
闭幕,bìmù
闭幕式,bìmùshì
问,wèn
问世,wènshì
问候,wènhòu
问好,wènhǎo
问答,wèndá
问题,wèntí
闯,chuǎng
闲,xián
闲话,xiánhuà
间,jiān
间接,jiànjiē
间隔,jiàngé
闷,mèn
闸,zhá
闹,nào
闹事,nàoshì
闹着玩儿,nàozhewánr
闹笑话,nàoxiàohuà
闺女,guīnv
闻,wén
闻名,wénmíng
阅,yuè
阅览室,yuèlǎnshì
阅读,yuèdú
阐明,chǎnmíng
阐述,chǎnshù
阔,kuò
队,duì
队伍,duìwu
队员,duìyuán
队长,duìzhǎng
防,fáng
防守,fángshǒu
防御,fángyù
防护,fánghù
防止,fángzhǐ
防汛,fángxùn
防治,fángzhì
防疫,fángyì
防线,fángxiàn
阳,yáng
阳光,yángguāng
阴,yīn
阴天,yīntiān
阴暗,yīn'àn
阴谋,yīnmóu
阵,zhèn
阵地,zhèndì
阵容,zhènróng
阵线,zhènxiàn
阵营,zhènyíng
阶层,jiēcéng
阶段,jiēduàn
阶级,jiējí
阻力,zǔlì
阻拦,zǔlán
阻挠,zǔnáo
阻挡,zǔdǎng
阻止,zǔzhǐ
阻碍,zǔ'ài
阿,ā
阿姨,āyí
阿拉伯语,ālābóyǔ
附加,fùjiā
附和,fùhè
附属,fùshǔ
附带,fùdài
附近,fùjìn
陆,liù
陆军,lùjūn
陆地,lùdì
陆续,lùxù
陈列,chénliè
陈旧,chénjiù
陈述,chénshù
陌生,mòshēng
降,jiàng
降临,jiànglín
降价,jiàngjià
降低,jiàngdī
降落,jiàngluò
限,xiàn
限于,xiànyú
限制,xiànzhì
限度,xiàndù
限期,xiànqī
陕,Shǎn
陡,dǒu
院,yuàn
院子,yuànzi
院长,yuànzhǎng
除,chú
除了_以外,chúle_yǐwài
除夕,chúxī
除外,chúwài
除此之外,chúcǐzhīwài
除非,chúfēi
险,xiǎn
陪,péi
陪同,péitóng
陶瓷,táocí
陷,xiàn
陷入,xiànrù
陷害,xiànhài
隆重,lóngzhòng
随,suí
随便,suíbiàn
随即,suíjí
随后,suíhòu
随意,suíyì
随手,suíshǒu
随时,suíshí
随着,suízhe
隐瞒,yǐnmán
隐约,yǐnyuē
隐蔽,yǐnbì
隐藏,yǐncáng
隔,gé
隔壁,gébì
隔离,gélí
隔绝,géjué
隔阂,géhé
障碍,zhàng'ài
隧道,suìdào
难,nán
难以,nányǐ
难免,nánmiǎn
难关,nánguān
难受,nánshòu
难堪,nánkān
难度,nándù
难得,nándé
难怪,nánguài
难民,nànmín
难看,nánkàn
难过,nánguò
难道,nándào
难题,nántí
雄,xióng
雄伟,xióngwěi
雄厚,xiónghòu
雄壮,xióngzhuàng
集,jí
集中,jízhōng
集会,jíhuì
集体,jítǐ
集合,jíhé
集团,jítuán
集市,jíshì
集资,jízī
集邮,jíyóu
雇,gù
雇佣,gùyōng
雇员,gùyuán
雌,cí
雕刻,diāokè
雕塑,diāosù
雨,yǔ
雨伞,yǔsǎn
雨水,yǔshuǐ
雨衣,yǔyī
雪,xuě
雪白,xuěbái
雪花,xuěhuā
零,líng
零件,língjiàn
零售,língshòu
零星,língxīng
零碎,língsuì
零钱,língqián
雷,léi
雷达,léidá
雷雨,léiyǔ
雹子,báozi
雾,wù
需,xū
需求,xūqiú
需要,xūyào
震,zhèn
震动,zhèndòng
震惊,zhènjīng
震荡,zhèndàng
霉,méi
霜,shuāng
霞,xiá
露,lòu
露面,lòumiàn
霸占,bàzhàn
霸权,bàquán
霸道,bàdào
青,qīng
青年,qīngnián
青春,qīngchūn
青菜,qīngcài
青蛙,qīngwā
静,jìng
静悄悄,jìngqiāoqiāo
非,fēi
非_不可,fēi_bùkě
非常,fēicháng
非法,fēifǎ
靠,kào
靠近,kàojìn
面,miàn
面临,miànlín
面前,miànqián
面包,miànbāo
面包车,miànbāochē
面子,miànzi
面孔,miànkǒng
面容,miànróng
面对,miànduì
面条儿,miàntiáor
面目,miànmù
面积,miànji
面粉,miànfěn
面貌,miànmào
面面俱到,miànmiànjùdào
革命,gémìng
革新,géxīn
靴子,xuēzi
鞋,xié
鞠躬,jūgōng
鞭子,biānzi
鞭炮,biānpào
鞭策,biāncè
音,yīn
音乐,yīnyuè
音响,yīnxiǎng
页,yè
顶,dǐng
顶点,dǐngdiǎn
顶端,dǐngduān
项,xiàng
项目,xiàngmù
项链,xiàngliàn
顺,shùn
顺便,shùnbiàn
顺利,shùnlì
顺序,shùnxù
顺手,shùnshǒu
须,xū
须知,xūzhī
顽固,wángù
顽强,wánqiáng
顾,gù
顾不得,gùbude
顾全大局,gùquándàjú
顾客,gùkè
顾虑,gùlǜ
顾问,gùwèn
顿,dùn
顿时,dùnshí
颁发,bānfā
颁布,bānbù
预习,yùxí
预先,yùxiān
预告,yùgào
预备,yùbèi
预定,yùdìng
预报,yùbào
预料,yùliào
预期,yùqī
预测,yùcè
预祝,yùzhù
预算,yùsuàn
预约,yùyuē
预见,yùjiàn
预言,yùyán
预计,yùjì
预订,yùdìng
预赛,yùsài
预防,yùfáng
领,lǐng
领事,lǐngshì
领会,lǐnghuì
领先,lǐngxiān
领土,lǐngtǔ
领域,lǐngyù
领子,lǐngzi
领导,lǐngdǎo
领袖,lǐngxiù
颇,pō
颈,jǐng
颊,jiá
频率,pínlǜ
频繁,pínfán
颗,kē
颗粒,kēlì
题,tí
题材,tícái
题目,tímù
颜色,yánsè
额,é
额外,éwài
颠倒,diāndǎo
颠簸,diānbǒ
颠覆,diānfù
颤,chàn
颤动,chàndòng
颤抖,chàndǒu
风,fēng
风俗,fēngsú
风光,fēngguāng
风力,fēnglì
风味,fēngwèi
风尚,fēngshàng
风度,fēngdù
风景,fēngjǐng
风暴,fēngbào
风格,fēnggé
风气,fēngqì
风沙,fēngshā
风浪,fēnglàng
风筝,fēngzheng
风趣,fēngqù
风险,fēngxiǎn
飘,piāo
飘扬,piāoyáng
飞,fēi
飞快,fēikuài
飞机,fēijī
飞翔,fēixiáng
飞舞,fēiwǔ
飞船,fēichuán
飞行,fēixíng
飞跃,fēiyuè
食,shí
食品,shípǐn
食堂,shítáng
食欲,shíyù
食物,shíwù
食用,shíyòng
餐,cān
餐厅,cāntīng
餐车,cānchē
饥饿,jī'è
饭,fàn
饭店,fàndiàn
饭碗,fànwǎn
饭馆,fànguǎn
饮,yǐn
饮料,yǐnliào
饮水思源,yǐnshuǐsīyuán
饮食,yǐnshí
饱,bǎo
饱和,bǎohé
饱满,bǎomǎn
饲养,sìyǎng
饲料,sìliào
饶,ráo
饺子,jiǎozi
饼,bǐng
饼干,bǐnggān
饿,è
馅儿,xiànr
馆,guǎn
馋,chán
馋言,chányán
馒头,mántou
首,shǒu
首先,shǒuxiān
首创,shǒuchuàng
首席,shǒuxí
首相,shǒuxiàng
首脑,shǒunǎo
首要,shǒuyào
首都,shǒudū
首长,shǒuzhǎng
首领,shǒulǐng
香,xiāng
香味,xiāngwèi
香烟,xiāngyān
香皂,xiāngzào
香肠,xiāngcháng
香蕉,xiāngjiāo
马,mǎ
马上,mǎshàng
马克,mǎkè
马克思主义,mǎkèsīzhǔyì
马力,mǎlì
马戏,mǎxì
马虎,mǎhu
马路,mǎlù
马车,mǎchē
马达,mǎdá
马铃薯,mǎlíngshǔ
驮,tuó
驱逐,qūzhú
驳斥,bóchì
驴,lǘ
驶,shǐ
驻,zhù
驻扎,zhùzhā
驾,jià
驾驶,jiàshǐ
骂,mà
骄傲,jiāo'ào
骆驼,luòtuo
验,yàn
验收,yànshōu
验证,yànzhèng
骑,qí
骗,piàn
骡子,luózi
骨,gǔ
骨头,gǔtou
骨干,gǔgàn
骨肉,gǔròu
高,gāo
高中,gāozhōng
高产,gāochǎn
高低,gāodī
高兴,gāoxìng
高压,gāoyā
高原,gāoyuán
高大,gāodù
高尚,gāoshàng
高峰,gāofēng
高度,gāndù
高明,gāomíng
高档,gāodàng
高涨,gāozhǎng
高温,gāowēn
高潮,gāocháo
高烧,gāoshāo
高空,gāokōng
高等,gāoděng
高粱,gāoliang
高级,gāojí
高考,gāokǎo
高血压,gāoxuèyā
高贵,gāoguì
高超,gāochāo
高速,gāosù
鬼,guǐ
鬼子,guǐzi
魔术,móshù
魔鬼,móguǐ
鱼,yú
鲜,xiān
鲜明,xiānmíng
鲜红,xiānhóng
鲜艳,xiānyàn
鲜花,xiānhuā
鲜血,xiānxuè
鲸鱼,jīngyú
鸟,niǎo
鸡,jī
鸡蛋,jīdàn
鸣,míng
鸦片,yāpiàn
鸭子,yāzi
鸽子,gēzi
鹅,é
鹰,yīng
鹿,lù
麻,má
麻木,mámù
麻烦,máfan
麻痹,mábì
麻袋,mádài
麻醉,mázuì
麻雀,máquè
黄,huáng
黄昏,huánghūn
黄油,huángyóu
黄瓜,huánggua
黄色,huángsè
黄金,huángjīn
黎明,límíng
黑,hēi
黑夜,hēiyè
黑暗,hēi'àn
黑板,hēibǎn
黑白,hēibái
默默,mòmò
鼓,gǔ
鼓动,gǔdòng
鼓励,gǔlì
鼓吹,gǔchuī
鼓掌,gǔzhǎng
鼓舞,gǔwǔ
鼻子,bízi
鼻涕,bíti
齐,qí
齐全,qíquán
齿轮,chǐlún
龙,lóng
龙头,lóngtóu
龟,guī
